	insert into Departments (did, dname) values (1, 'Training');
	insert into Departments (did, dname) values (2, 'Human Resources');
	insert into Departments (did, dname) values (3, 'Engineering');
	insert into Departments (did, dname) values (4, 'Product Management');
	insert into Departments (did, dname) values (5, 'Training');
	insert into Departments (did, dname) values (6, 'Training');
	insert into Departments (did, dname) values (7, 'Research and Development');
	insert into Departments (did, dname) values (8, 'Support');
	insert into Departments (did, dname) values (9, 'Services');
	insert into Departments (did, dname) values (10, 'Legal');
	insert into Departments (did, dname) values (11, 'Legal');
	insert into Departments (did, dname) values (12, 'Engineering');
	insert into Departments (did, dname) values (13, 'Sales');
	insert into Departments (did, dname) values (14, 'Support');
	insert into Departments (did, dname) values (15, 'Business Development');
	insert into Departments (did, dname) values (16, 'Legal');
	insert into Departments (did, dname) values (17, 'Research and Development');
	insert into Departments (did, dname) values (18, 'Research and Development');
	insert into Departments (did, dname) values (19, 'Training');
	insert into Departments (did, dname) values (20, 'Engineering');
	insert into Departments (did, dname) values (21, 'Accounting');
	insert into Departments (did, dname) values (22, 'Product Management');
	insert into Departments (did, dname) values (23, 'Business Development');
	insert into Departments (did, dname) values (24, 'Legal');
	insert into Departments (did, dname) values (25, 'Accounting');

	insert into Employees (eid, did, ename, email, contact, resignedDate, ekind) values (1, 5, 'Tallia', 'e1@myCompany.com', '734-531-1103', '9/30/2019', 'Senior');
	insert into Employees (eid, did, ename, email, contact, resignedDate, ekind) values (2, 22, 'Ardene', 'e2@myCompany.com', '665-231-0398', null, 'Junior');
	insert into Employees (eid, did, ename, email, contact, resignedDate, ekind) values (3, 14, 'Kristofor', 'e3@myCompany.com', '222-139-9594', '12/11/2019', 'Senior');
	insert into Employees (eid, did, ename, email, contact, resignedDate, ekind) values (4, 17, 'Liuka', 'e4@myCompany.com', '778-909-5879', '6/21/2021', 'Senior');
	insert into Employees (eid, did, ename, email, contact, resignedDate, ekind) values (5, 22, 'Nikki', 'e5@myCompany.com', '400-777-7244', null, 'Manager');
	insert into Employees (eid, did, ename, email, contact, resignedDate, ekind) values (6, 16, 'Alastair', 'e6@myCompany.com', '640-669-0753', null, 'Junior');
	insert into Employees (eid, did, ename, email, contact, resignedDate, ekind) values (7, 12, 'Guilbert', 'e7@myCompany.com', '768-223-2806', null, 'Senior');
	insert into Employees (eid, did, ename, email, contact, resignedDate, ekind) values (8, 21, 'Stearn', 'e8@myCompany.com', '220-563-5161', null, 'Senior');
	insert into Employees (eid, did, ename, email, contact, resignedDate, ekind) values (9, 1, 'Aundrea', 'e9@myCompany.com', '598-996-0851', null, 'Manager');
	insert into Employees (eid, did, ename, email, contact, resignedDate, ekind) values (10, 11, 'Cele', 'e10@myCompany.com', '411-723-9464', null, 'Junior');
	insert into Employees (eid, did, ename, email, contact, resignedDate, ekind) values (11, 24, 'Ronnica', 'e11@myCompany.com', '460-951-6359', null, 'Junior');
	insert into Employees (eid, did, ename, email, contact, resignedDate, ekind) values (12, 14, 'Herman', 'e12@myCompany.com', '117-882-9337', null, 'Junior');
	insert into Employees (eid, did, ename, email, contact, resignedDate, ekind) values (13, 5, 'Josefina', 'e13@myCompany.com', '231-498-3779', null, 'Junior');
	insert into Employees (eid, did, ename, email, contact, resignedDate, ekind) values (14, 7, 'Elmira', 'e14@myCompany.com', '254-555-1136', '10/22/2020', 'Junior');
	insert into Employees (eid, did, ename, email, contact, resignedDate, ekind) values (15, 18, 'Erl', 'e15@myCompany.com', '116-853-2819', null, 'Senior');
	insert into Employees (eid, did, ename, email, contact, resignedDate, ekind) values (16, 12, 'Justin', 'e16@myCompany.com', '978-197-8117', null, 'Junior');
	insert into Employees (eid, did, ename, email, contact, resignedDate, ekind) values (17, 10, 'Chiarra', 'e17@myCompany.com', '188-319-0721', null, 'Senior');
	insert into Employees (eid, did, ename, email, contact, resignedDate, ekind) values (18, 19, 'Wye', 'e18@myCompany.com', '938-582-3371', null, 'Senior');
	insert into Employees (eid, did, ename, email, contact, resignedDate, ekind) values (19, 6, 'Shani', 'e19@myCompany.com', '220-285-1354', null, 'Junior');
	insert into Employees (eid, did, ename, email, contact, resignedDate, ekind) values (20, 8, 'Keary', 'e20@myCompany.com', '876-675-1643', null, 'Manager');
	insert into Employees (eid, did, ename, email, contact, resignedDate, ekind) values (21, 13, 'Shauna', 'e21@myCompany.com', '191-266-2510', null, 'Manager');
	insert into Employees (eid, did, ename, email, contact, resignedDate, ekind) values (22, 2, 'Devy', 'e22@myCompany.com', '576-125-3973', null, 'Senior');
	insert into Employees (eid, did, ename, email, contact, resignedDate, ekind) values (23, 9, 'Madelle', 'e23@myCompany.com', '212-764-7832', null, 'Manager');
	insert into Employees (eid, did, ename, email, contact, resignedDate, ekind) values (24, 24, 'Jules', 'e24@myCompany.com', '402-374-6631', null, 'Senior');
	insert into Employees (eid, did, ename, email, contact, resignedDate, ekind) values (25, 22, 'Willamina', 'e25@myCompany.com', '694-514-1786', null, 'Junior');
	insert into Employees (eid, did, ename, email, contact, resignedDate, ekind) values (26, 9, 'Morie', 'e26@myCompany.com', '687-950-6742', null, 'Junior');
	insert into Employees (eid, did, ename, email, contact, resignedDate, ekind) values (27, 14, 'Giorgio', 'e27@myCompany.com', '806-623-7043', null, 'Senior');
	insert into Employees (eid, did, ename, email, contact, resignedDate, ekind) values (28, 15, 'Dell', 'e28@myCompany.com', '933-922-0863', null, 'Senior');
	insert into Employees (eid, did, ename, email, contact, resignedDate, ekind) values (29, 1, 'Danette', 'e29@myCompany.com', '246-896-9360', null, 'Senior');
	insert into Employees (eid, did, ename, email, contact, resignedDate, ekind) values (30, 3, 'Aldon', 'e30@myCompany.com', '992-381-7360', null, 'Junior');
	insert into Employees (eid, did, ename, email, contact, resignedDate, ekind) values (31, 9, 'Dalenna', 'e31@myCompany.com', '613-476-8041', null, 'Junior');
	insert into Employees (eid, did, ename, email, contact, resignedDate, ekind) values (32, 17, 'Fidela', 'e32@myCompany.com', '967-800-3145', null, 'Manager');
	insert into Employees (eid, did, ename, email, contact, resignedDate, ekind) values (33, 25, 'Sherwynd', 'e33@myCompany.com', '197-105-9390', null, 'Senior');
	insert into Employees (eid, did, ename, email, contact, resignedDate, ekind) values (34, 15, 'Theresina', 'e34@myCompany.com', '915-662-0722', null, 'Junior');
	insert into Employees (eid, did, ename, email, contact, resignedDate, ekind) values (35, 17, 'Lenard', 'e35@myCompany.com', '833-925-6864', null, 'Junior');
	insert into Employees (eid, did, ename, email, contact, resignedDate, ekind) values (36, 2, 'Robinet', 'e36@myCompany.com', '924-118-4345', null, 'Manager');
	insert into Employees (eid, did, ename, email, contact, resignedDate, ekind) values (37, 18, 'Konrad', 'e37@myCompany.com', '538-635-3985', null, 'Manager');
	insert into Employees (eid, did, ename, email, contact, resignedDate, ekind) values (38, 21, 'Herbert', 'e38@myCompany.com', '214-358-8866', null, 'Manager');
	insert into Employees (eid, did, ename, email, contact, resignedDate, ekind) values (39, 20, 'Gussi', 'e39@myCompany.com', '541-200-9615', '8/23/2021', 'Senior');
	insert into Employees (eid, did, ename, email, contact, resignedDate, ekind) values (40, 5, 'Alysa', 'e40@myCompany.com', '618-932-9968', null, 'Manager');
	insert into Employees (eid, did, ename, email, contact, resignedDate, ekind) values (41, 25, 'Tracey', 'e41@myCompany.com', '103-107-9661', null, 'Junior');
	insert into Employees (eid, did, ename, email, contact, resignedDate, ekind) values (42, 3, 'Stace', 'e42@myCompany.com', '750-931-6018', null, 'Senior');
	insert into Employees (eid, did, ename, email, contact, resignedDate, ekind) values (43, 10, 'Odelle', 'e43@myCompany.com', '940-726-6701', null, 'Manager');
	insert into Employees (eid, did, ename, email, contact, resignedDate, ekind) values (44, 19, 'Harriott', 'e44@myCompany.com', '670-889-5366', null, 'Manager');
	insert into Employees (eid, did, ename, email, contact, resignedDate, ekind) values (45, 13, 'Loretta', 'e45@myCompany.com', '492-425-3783', null, 'Junior');
	insert into Employees (eid, did, ename, email, contact, resignedDate, ekind) values (46, 5, 'Sonnie', 'e46@myCompany.com', '705-404-5702', null, 'Junior');
	insert into Employees (eid, did, ename, email, contact, resignedDate, ekind) values (47, 12, 'Brice', 'e47@myCompany.com', '961-269-9157', null, 'Senior');
	insert into Employees (eid, did, ename, email, contact, resignedDate, ekind) values (48, 1, 'Merilee', 'e48@myCompany.com', '122-348-5141', null, 'Junior');
	insert into Employees (eid, did, ename, email, contact, resignedDate, ekind) values (49, 7, 'Knox', 'e49@myCompany.com', '754-660-2642', null, 'Junior');
	insert into Employees (eid, did, ename, email, contact, resignedDate, ekind) values (50, 11, 'Eda', 'e50@myCompany.com', '628-369-5408', null, 'Senior');
	insert into Employees (eid, did, ename, email, contact, resignedDate, ekind) values (51, 22, 'Esdras', 'e51@myCompany.com', '115-648-1408', null, 'Junior');
	insert into Employees (eid, did, ename, email, contact, resignedDate, ekind) values (52, 3, 'Nicolle', 'e52@myCompany.com', '661-111-5668', null, 'Junior');
	insert into Employees (eid, did, ename, email, contact, resignedDate, ekind) values (53, 14, 'Ethyl', 'e53@myCompany.com', '292-765-8102', null, 'Manager');
	insert into Employees (eid, did, ename, email, contact, resignedDate, ekind) values (54, 18, 'Olly', 'e54@myCompany.com', '198-791-5084', null, 'Manager');
	insert into Employees (eid, did, ename, email, contact, resignedDate, ekind) values (55, 7, 'Eachelle', 'e55@myCompany.com', '752-503-9536', null, 'Senior');
	insert into Employees (eid, did, ename, email, contact, resignedDate, ekind) values (56, 21, 'Gaynor', 'e56@myCompany.com', '601-565-9568', null, 'Manager');
	insert into Employees (eid, did, ename, email, contact, resignedDate, ekind) values (57, 6, 'Juieta', 'e57@myCompany.com', '228-355-0367', null, 'Manager');
	insert into Employees (eid, did, ename, email, contact, resignedDate, ekind) values (58, 11, 'Mala', 'e58@myCompany.com', '295-862-3226', null, 'Manager');
	insert into Employees (eid, did, ename, email, contact, resignedDate, ekind) values (59, 21, 'Lindon', 'e59@myCompany.com', '957-184-6616', null, 'Manager');
	insert into Employees (eid, did, ename, email, contact, resignedDate, ekind) values (60, 20, 'Samuel', 'e60@myCompany.com', '613-309-8116', null, 'Manager');
	insert into Employees (eid, did, ename, email, contact, resignedDate, ekind) values (61, 10, 'Jarrad', 'e61@myCompany.com', '423-179-6234', null, 'Senior');
	insert into Employees (eid, did, ename, email, contact, resignedDate, ekind) values (62, 3, 'Merry', 'e62@myCompany.com', '568-256-7652', null, 'Manager');
	insert into Employees (eid, did, ename, email, contact, resignedDate, ekind) values (63, 11, 'Van', 'e63@myCompany.com', '731-492-8375', null, 'Senior');
	insert into Employees (eid, did, ename, email, contact, resignedDate, ekind) values (64, 17, 'Helene', 'e64@myCompany.com', '405-954-3077', '12/1/2020', 'Manager');
	insert into Employees (eid, did, ename, email, contact, resignedDate, ekind) values (65, 18, 'Pearl', 'e65@myCompany.com', '785-887-1761', null, 'Junior');
	insert into Employees (eid, did, ename, email, contact, resignedDate, ekind) values (66, 21, 'Ira', 'e66@myCompany.com', '790-825-0967', null, 'Senior');
	insert into Employees (eid, did, ename, email, contact, resignedDate, ekind) values (67, 22, 'Camile', 'e67@myCompany.com', '817-803-0178', null, 'Junior');
	insert into Employees (eid, did, ename, email, contact, resignedDate, ekind) values (68, 8, 'Annaliese', 'e68@myCompany.com', '117-570-4140', '2/10/2020', 'Junior');
	insert into Employees (eid, did, ename, email, contact, resignedDate, ekind) values (69, 17, 'Keven', 'e69@myCompany.com', '735-552-3220', '11/19/2020', 'Senior');
	insert into Employees (eid, did, ename, email, contact, resignedDate, ekind) values (70, 13, 'Merrili', 'e70@myCompany.com', '734-981-4045', null, 'Manager');
	insert into Employees (eid, did, ename, email, contact, resignedDate, ekind) values (71, 14, 'Tracy', 'e71@myCompany.com', '183-670-6503', null, 'Manager');
	insert into Employees (eid, did, ename, email, contact, resignedDate, ekind) values (72, 18, 'Carlene', 'e72@myCompany.com', '491-783-0098', null, 'Junior');
	insert into Employees (eid, did, ename, email, contact, resignedDate, ekind) values (73, 5, 'Jodie', 'e73@myCompany.com', '488-471-2416', null, 'Junior');
	insert into Employees (eid, did, ename, email, contact, resignedDate, ekind) values (74, 5, 'Samara', 'e74@myCompany.com', '906-248-6340', null, 'Manager');
	insert into Employees (eid, did, ename, email, contact, resignedDate, ekind) values (75, 1, 'Clio', 'e75@myCompany.com', '712-677-3783', null, 'Senior');
	insert into Employees (eid, did, ename, email, contact, resignedDate, ekind) values (76, 12, 'Murdoch', 'e76@myCompany.com', '349-730-5180', null, 'Manager');
	insert into Employees (eid, did, ename, email, contact, resignedDate, ekind) values (77, 2, 'Marlie', 'e77@myCompany.com', '267-711-7380', null, 'Manager');
	insert into Employees (eid, did, ename, email, contact, resignedDate, ekind) values (78, 1, 'Saudra', 'e78@myCompany.com', '699-426-6462', null, 'Manager');
	insert into Employees (eid, did, ename, email, contact, resignedDate, ekind) values (79, 7, 'Herta', 'e79@myCompany.com', '139-695-2051', null, 'Junior');
	insert into Employees (eid, did, ename, email, contact, resignedDate, ekind) values (80, 21, 'Matthaeus', 'e80@myCompany.com', '877-708-9609', null, 'Senior');
	insert into Employees (eid, did, ename, email, contact, resignedDate, ekind) values (81, 5, 'Hinze', 'e81@myCompany.com', '561-900-0188', '1/10/2020', 'Senior');
	insert into Employees (eid, did, ename, email, contact, resignedDate, ekind) values (82, 3, 'Ingamar', 'e82@myCompany.com', '102-415-6710', null, 'Manager');
	insert into Employees (eid, did, ename, email, contact, resignedDate, ekind) values (83, 23, 'Neille', 'e83@myCompany.com', '609-881-8351', null, 'Manager');
	insert into Employees (eid, did, ename, email, contact, resignedDate, ekind) values (84, 14, 'Torrence', 'e84@myCompany.com', '478-939-6637', null, 'Manager');
	insert into Employees (eid, did, ename, email, contact, resignedDate, ekind) values (85, 18, 'Winfred', 'e85@myCompany.com', '757-776-8661', null, 'Senior');
	insert into Employees (eid, did, ename, email, contact, resignedDate, ekind) values (86, 2, 'Riobard', 'e86@myCompany.com', '261-864-9144', '2/14/2021', 'Junior');
	insert into Employees (eid, did, ename, email, contact, resignedDate, ekind) values (87, 22, 'Bella', 'e87@myCompany.com', '256-521-7649', null, 'Senior');
	insert into Employees (eid, did, ename, email, contact, resignedDate, ekind) values (88, 16, 'Fionna', 'e88@myCompany.com', '663-371-0404', '1/21/2021', 'Junior');
	insert into Employees (eid, did, ename, email, contact, resignedDate, ekind) values (89, 19, 'Kara-lynn', 'e89@myCompany.com', '555-953-7742', null, 'Manager');
	insert into Employees (eid, did, ename, email, contact, resignedDate, ekind) values (90, 2, 'Roby', 'e90@myCompany.com', '901-280-5297', null, 'Junior');
	insert into Employees (eid, did, ename, email, contact, resignedDate, ekind) values (91, 4, 'Terri', 'e91@myCompany.com', '995-323-3365', null, 'Junior');
	insert into Employees (eid, did, ename, email, contact, resignedDate, ekind) values (92, 13, 'Concordia', 'e92@myCompany.com', '704-576-7099', null, 'Senior');
	insert into Employees (eid, did, ename, email, contact, resignedDate, ekind) values (93, 12, 'Winnie', 'e93@myCompany.com', '936-148-5221', null, 'Junior');
	insert into Employees (eid, did, ename, email, contact, resignedDate, ekind) values (94, 14, 'Hallsy', 'e94@myCompany.com', '971-731-7742', null, 'Senior');
	insert into Employees (eid, did, ename, email, contact, resignedDate, ekind) values (95, 1, 'Dana', 'e95@myCompany.com', '531-186-0879', null, 'Senior');
	insert into Employees (eid, did, ename, email, contact, resignedDate, ekind) values (96, 10, 'Cymbre', 'e96@myCompany.com', '987-478-9733', null, 'Senior');
	insert into Employees (eid, did, ename, email, contact, resignedDate, ekind) values (97, 12, 'Yovonnda', 'e97@myCompany.com', '213-224-9570', null, 'Senior');
	insert into Employees (eid, did, ename, email, contact, resignedDate, ekind) values (98, 15, 'Jamey', 'e98@myCompany.com', '459-202-3310', null, 'Junior');
	insert into Employees (eid, did, ename, email, contact, resignedDate, ekind) values (99, 12, 'Ashien', 'e99@myCompany.com', '724-444-0926', '2/19/2020', 'Junior');
	insert into Employees (eid, did, ename, email, contact, resignedDate, ekind) values (100, 24, 'Roman', 'e100@myCompany.com', '323-879-0427', null, 'Senior');
	insert into Employees (eid, did, ename, email, contact, resignedDate, ekind) values (101, 17, 'Dallis', 'e101@myCompany.com', '993-672-3229', '6/26/2019', 'Senior');
	insert into Employees (eid, did, ename, email, contact, resignedDate, ekind) values (102, 15, 'Jodi', 'e102@myCompany.com', '588-850-0793', null, 'Manager');
	insert into Employees (eid, did, ename, email, contact, resignedDate, ekind) values (103, 5, 'Matthiew', 'e103@myCompany.com', '221-260-1699', null, 'Junior');
	insert into Employees (eid, did, ename, email, contact, resignedDate, ekind) values (104, 3, 'Wendi', 'e104@myCompany.com', '925-548-2006', '4/24/2020', 'Manager');
	insert into Employees (eid, did, ename, email, contact, resignedDate, ekind) values (105, 22, 'Brett', 'e105@myCompany.com', '336-851-6690', null, 'Junior');
	insert into Employees (eid, did, ename, email, contact, resignedDate, ekind) values (106, 24, 'Nixie', 'e106@myCompany.com', '387-901-2926', null, 'Junior');
	insert into Employees (eid, did, ename, email, contact, resignedDate, ekind) values (107, 18, 'Giff', 'e107@myCompany.com', '370-262-2831', null, 'Senior');
	insert into Employees (eid, did, ename, email, contact, resignedDate, ekind) values (108, 25, 'Kissiah', 'e108@myCompany.com', '403-923-9945', null, 'Senior');
	insert into Employees (eid, did, ename, email, contact, resignedDate, ekind) values (109, 21, 'Emelita', 'e109@myCompany.com', '836-174-6268', null, 'Manager');
	insert into Employees (eid, did, ename, email, contact, resignedDate, ekind) values (110, 24, 'Ric', 'e110@myCompany.com', '178-140-1964', null, 'Manager');
	insert into Employees (eid, did, ename, email, contact, resignedDate, ekind) values (111, 20, 'Claretta', 'e111@myCompany.com', '116-178-2605', null, 'Senior');
	insert into Employees (eid, did, ename, email, contact, resignedDate, ekind) values (112, 6, 'Winifred', 'e112@myCompany.com', '670-645-1907', null, 'Senior');
	insert into Employees (eid, did, ename, email, contact, resignedDate, ekind) values (113, 17, 'Laurel', 'e113@myCompany.com', '689-404-5488', null, 'Junior');
	insert into Employees (eid, did, ename, email, contact, resignedDate, ekind) values (114, 22, 'Deane', 'e114@myCompany.com', '592-649-3674', '8/26/2021', 'Senior');
	insert into Employees (eid, did, ename, email, contact, resignedDate, ekind) values (115, 3, 'Mable', 'e115@myCompany.com', '306-925-9236', null, 'Senior');
	insert into Employees (eid, did, ename, email, contact, resignedDate, ekind) values (116, 19, 'Alikee', 'e116@myCompany.com', '834-742-7681', null, 'Manager');
	insert into Employees (eid, did, ename, email, contact, resignedDate, ekind) values (117, 25, 'Ana', 'e117@myCompany.com', '776-292-3764', null, 'Senior');
	insert into Employees (eid, did, ename, email, contact, resignedDate, ekind) values (118, 14, 'Ashil', 'e118@myCompany.com', '799-753-1042', null, 'Manager');
	insert into Employees (eid, did, ename, email, contact, resignedDate, ekind) values (119, 10, 'Melisenda', 'e119@myCompany.com', '243-194-1616', null, 'Junior');
	insert into Employees (eid, did, ename, email, contact, resignedDate, ekind) values (120, 1, 'Miles', 'e120@myCompany.com', '521-658-3489', '3/23/2020', 'Manager');
	insert into Employees (eid, did, ename, email, contact, resignedDate, ekind) values (121, 19, 'Arte', 'e121@myCompany.com', '263-745-4970', null, 'Senior');
	insert into Employees (eid, did, ename, email, contact, resignedDate, ekind) values (122, 11, 'Ambrose', 'e122@myCompany.com', '410-606-0759', null, 'Manager');
	insert into Employees (eid, did, ename, email, contact, resignedDate, ekind) values (123, 14, 'Luciana', 'e123@myCompany.com', '646-500-6084', null, 'Senior');
	insert into Employees (eid, did, ename, email, contact, resignedDate, ekind) values (124, 22, 'Ronalda', 'e124@myCompany.com', '611-730-6804', null, 'Senior');
	insert into Employees (eid, did, ename, email, contact, resignedDate, ekind) values (125, 23, 'Ursa', 'e125@myCompany.com', '358-376-0537', null, 'Junior');
	insert into Employees (eid, did, ename, email, contact, resignedDate, ekind) values (126, 6, 'Dodi', 'e126@myCompany.com', '592-381-4014', null, 'Manager');
	insert into Employees (eid, did, ename, email, contact, resignedDate, ekind) values (127, 14, 'Myra', 'e127@myCompany.com', '577-284-5443', null, 'Junior');
	insert into Employees (eid, did, ename, email, contact, resignedDate, ekind) values (128, 22, 'Bunnie', 'e128@myCompany.com', '953-517-1777', null, 'Senior');
	insert into Employees (eid, did, ename, email, contact, resignedDate, ekind) values (129, 19, 'Kendal', 'e129@myCompany.com', '397-645-8471', null, 'Junior');
	insert into Employees (eid, did, ename, email, contact, resignedDate, ekind) values (130, 2, 'Bessy', 'e130@myCompany.com', '574-960-3348', null, 'Manager');
	insert into Employees (eid, did, ename, email, contact, resignedDate, ekind) values (131, 4, 'Shandra', 'e131@myCompany.com', '375-578-3208', null, 'Junior');
	insert into Employees (eid, did, ename, email, contact, resignedDate, ekind) values (132, 19, 'Kendall', 'e132@myCompany.com', '957-373-2424', null, 'Manager');
	insert into Employees (eid, did, ename, email, contact, resignedDate, ekind) values (133, 20, 'Gnni', 'e133@myCompany.com', '145-103-5239', null, 'Senior');
	insert into Employees (eid, did, ename, email, contact, resignedDate, ekind) values (134, 7, 'Paloma', 'e134@myCompany.com', '564-921-7082', null, 'Manager');
	insert into Employees (eid, did, ename, email, contact, resignedDate, ekind) values (135, 16, 'Brose', 'e135@myCompany.com', '367-457-7929', null, 'Manager');
	insert into Employees (eid, did, ename, email, contact, resignedDate, ekind) values (136, 13, 'North', 'e136@myCompany.com', '893-604-1775', null, 'Manager');
	insert into Employees (eid, did, ename, email, contact, resignedDate, ekind) values (137, 4, 'Barbi', 'e137@myCompany.com', '216-332-8266', null, 'Senior');
	insert into Employees (eid, did, ename, email, contact, resignedDate, ekind) values (138, 18, 'Perceval', 'e138@myCompany.com', '423-871-4921', null, 'Manager');
	insert into Employees (eid, did, ename, email, contact, resignedDate, ekind) values (139, 22, 'Lani', 'e139@myCompany.com', '967-615-2657', null, 'Junior');
	insert into Employees (eid, did, ename, email, contact, resignedDate, ekind) values (140, 13, 'Giffer', 'e140@myCompany.com', '311-128-2032', null, 'Junior');
	insert into Employees (eid, did, ename, email, contact, resignedDate, ekind) values (141, 14, 'Davey', 'e141@myCompany.com', '523-902-3121', null, 'Junior');
	insert into Employees (eid, did, ename, email, contact, resignedDate, ekind) values (142, 24, 'Cloe', 'e142@myCompany.com', '767-277-4440', null, 'Manager');
	insert into Employees (eid, did, ename, email, contact, resignedDate, ekind) values (143, 7, 'See', 'e143@myCompany.com', '269-617-5369', null, 'Manager');
	insert into Employees (eid, did, ename, email, contact, resignedDate, ekind) values (144, 4, 'Cosme', 'e144@myCompany.com', '385-560-3734', null, 'Senior');
	insert into Employees (eid, did, ename, email, contact, resignedDate, ekind) values (145, 16, 'Farra', 'e145@myCompany.com', '792-397-9075', '10/22/2020', 'Manager');
	insert into Employees (eid, did, ename, email, contact, resignedDate, ekind) values (146, 15, 'Charmaine', 'e146@myCompany.com', '264-587-6165', null, 'Junior');
	insert into Employees (eid, did, ename, email, contact, resignedDate, ekind) values (147, 5, 'Ade', 'e147@myCompany.com', '855-706-0062', null, 'Manager');
	insert into Employees (eid, did, ename, email, contact, resignedDate, ekind) values (148, 1, 'Cicely', 'e148@myCompany.com', '358-982-4862', null, 'Senior');
	insert into Employees (eid, did, ename, email, contact, resignedDate, ekind) values (149, 18, 'Ferdy', 'e149@myCompany.com', '180-618-4276', null, 'Senior');
	insert into Employees (eid, did, ename, email, contact, resignedDate, ekind) values (150, 8, 'Wallace', 'e150@myCompany.com', '175-998-3780', null, 'Senior');
	insert into Employees (eid, did, ename, email, contact, resignedDate, ekind) values (151, 11, 'Barri', 'e151@myCompany.com', '804-425-7197', null, 'Senior');
	insert into Employees (eid, did, ename, email, contact, resignedDate, ekind) values (152, 16, 'Bertram', 'e152@myCompany.com', '292-615-2070', null, 'Senior');
	insert into Employees (eid, did, ename, email, contact, resignedDate, ekind) values (153, 2, 'Baldwin', 'e153@myCompany.com', '968-288-7243', null, 'Manager');
	insert into Employees (eid, did, ename, email, contact, resignedDate, ekind) values (154, 5, 'Vanni', 'e154@myCompany.com', '821-745-2860', '12/9/2019', 'Junior');
	insert into Employees (eid, did, ename, email, contact, resignedDate, ekind) values (155, 23, 'Marietta', 'e155@myCompany.com', '755-810-0767', null, 'Senior');
	insert into Employees (eid, did, ename, email, contact, resignedDate, ekind) values (156, 25, 'Archaimbaud', 'e156@myCompany.com', '721-456-3822', null, 'Manager');
	insert into Employees (eid, did, ename, email, contact, resignedDate, ekind) values (157, 3, 'Meta', 'e157@myCompany.com', '654-777-7527', null, 'Manager');
	insert into Employees (eid, did, ename, email, contact, resignedDate, ekind) values (158, 23, 'Fianna', 'e158@myCompany.com', '704-728-2700', null, 'Senior');
	insert into Employees (eid, did, ename, email, contact, resignedDate, ekind) values (159, 13, 'Codi', 'e159@myCompany.com', '499-203-6273', '8/13/2019', 'Manager');
	insert into Employees (eid, did, ename, email, contact, resignedDate, ekind) values (160, 21, 'Marven', 'e160@myCompany.com', '165-569-1586', null, 'Manager');
	insert into Employees (eid, did, ename, email, contact, resignedDate, ekind) values (161, 13, 'Micheline', 'e161@myCompany.com', '302-453-3897', null, 'Senior');
	insert into Employees (eid, did, ename, email, contact, resignedDate, ekind) values (162, 21, 'Florinda', 'e162@myCompany.com', '961-814-1671', '9/10/2019', 'Senior');
	insert into Employees (eid, did, ename, email, contact, resignedDate, ekind) values (163, 24, 'Selby', 'e163@myCompany.com', '440-827-3275', null, 'Manager');
	insert into Employees (eid, did, ename, email, contact, resignedDate, ekind) values (164, 10, 'Nessa', 'e164@myCompany.com', '527-898-1685', null, 'Junior');
	insert into Employees (eid, did, ename, email, contact, resignedDate, ekind) values (165, 2, 'Bertha', 'e165@myCompany.com', '622-426-7804', null, 'Junior');
	insert into Employees (eid, did, ename, email, contact, resignedDate, ekind) values (166, 8, 'Hatty', 'e166@myCompany.com', '184-360-3699', null, 'Manager');
	insert into Employees (eid, did, ename, email, contact, resignedDate, ekind) values (167, 11, 'Ingar', 'e167@myCompany.com', '367-616-7346', null, 'Senior');
	insert into Employees (eid, did, ename, email, contact, resignedDate, ekind) values (168, 22, 'Thedric', 'e168@myCompany.com', '543-329-4486', null, 'Junior');
	insert into Employees (eid, did, ename, email, contact, resignedDate, ekind) values (169, 8, 'Shermy', 'e169@myCompany.com', '814-286-7780', null, 'Senior');
	insert into Employees (eid, did, ename, email, contact, resignedDate, ekind) values (170, 1, 'Griff', 'e170@myCompany.com', '591-482-5582', null, 'Senior');
	insert into Employees (eid, did, ename, email, contact, resignedDate, ekind) values (171, 7, 'Luce', 'e171@myCompany.com', '183-290-2541', null, 'Junior');
	insert into Employees (eid, did, ename, email, contact, resignedDate, ekind) values (172, 21, 'Shanan', 'e172@myCompany.com', '325-746-3838', null, 'Manager');
	insert into Employees (eid, did, ename, email, contact, resignedDate, ekind) values (173, 19, 'Creight', 'e173@myCompany.com', '298-160-6346', null, 'Junior');
	insert into Employees (eid, did, ename, email, contact, resignedDate, ekind) values (174, 20, 'Martainn', 'e174@myCompany.com', '830-320-2658', null, 'Manager');
	insert into Employees (eid, did, ename, email, contact, resignedDate, ekind) values (175, 10, 'Constantine', 'e175@myCompany.com', '433-220-3401', null, 'Senior');
	insert into Employees (eid, did, ename, email, contact, resignedDate, ekind) values (176, 6, 'Joshia', 'e176@myCompany.com', '118-388-7331', null, 'Manager');
	insert into Employees (eid, did, ename, email, contact, resignedDate, ekind) values (177, 12, 'Patti', 'e177@myCompany.com', '811-261-6996', null, 'Junior');
	insert into Employees (eid, did, ename, email, contact, resignedDate, ekind) values (178, 5, 'Axe', 'e178@myCompany.com', '411-163-1432', null, 'Junior');
	insert into Employees (eid, did, ename, email, contact, resignedDate, ekind) values (179, 8, 'Martguerita', 'e179@myCompany.com', '635-519-6135', null, 'Manager');
	insert into Employees (eid, did, ename, email, contact, resignedDate, ekind) values (180, 19, 'Sheela', 'e180@myCompany.com', '481-376-2623', null, 'Junior');
	insert into Employees (eid, did, ename, email, contact, resignedDate, ekind) values (181, 2, 'Karoline', 'e181@myCompany.com', '973-638-3531', null, 'Junior');
	insert into Employees (eid, did, ename, email, contact, resignedDate, ekind) values (182, 3, 'Idelle', 'e182@myCompany.com', '130-280-5599', null, 'Senior');
	insert into Employees (eid, did, ename, email, contact, resignedDate, ekind) values (183, 25, 'Anders', 'e183@myCompany.com', '160-932-0521', null, 'Senior');
	insert into Employees (eid, did, ename, email, contact, resignedDate, ekind) values (184, 13, 'Cletis', 'e184@myCompany.com', '253-841-6264', null, 'Manager');
	insert into Employees (eid, did, ename, email, contact, resignedDate, ekind) values (185, 11, 'Arte', 'e185@myCompany.com', '999-494-8955', null, 'Senior');
	insert into Employees (eid, did, ename, email, contact, resignedDate, ekind) values (186, 13, 'Jacquelin', 'e186@myCompany.com', '204-516-7648', null, 'Senior');
	insert into Employees (eid, did, ename, email, contact, resignedDate, ekind) values (187, 3, 'Raye', 'e187@myCompany.com', '476-720-3775', null, 'Senior');
	insert into Employees (eid, did, ename, email, contact, resignedDate, ekind) values (188, 3, 'Delphinia', 'e188@myCompany.com', '389-109-0086', null, 'Senior');
	insert into Employees (eid, did, ename, email, contact, resignedDate, ekind) values (189, 17, 'Alaric', 'e189@myCompany.com', '642-288-1399', null, 'Senior');
	insert into Employees (eid, did, ename, email, contact, resignedDate, ekind) values (190, 14, 'Tammie', 'e190@myCompany.com', '882-995-6588', null, 'Manager');
	insert into Employees (eid, did, ename, email, contact, resignedDate, ekind) values (191, 2, 'Alexio', 'e191@myCompany.com', '888-210-3866', null, 'Junior');
	insert into Employees (eid, did, ename, email, contact, resignedDate, ekind) values (192, 2, 'Jermayne', 'e192@myCompany.com', '470-166-2837', null, 'Junior');
	insert into Employees (eid, did, ename, email, contact, resignedDate, ekind) values (193, 13, 'Alva', 'e193@myCompany.com', '701-854-4052', null, 'Junior');
	insert into Employees (eid, did, ename, email, contact, resignedDate, ekind) values (194, 22, 'Alvan', 'e194@myCompany.com', '952-418-2046', null, 'Junior');
	insert into Employees (eid, did, ename, email, contact, resignedDate, ekind) values (195, 23, 'Oralie', 'e195@myCompany.com', '463-857-8886', null, 'Manager');
	insert into Employees (eid, did, ename, email, contact, resignedDate, ekind) values (196, 21, 'Holly', 'e196@myCompany.com', '488-758-8390', null, 'Junior');
	insert into Employees (eid, did, ename, email, contact, resignedDate, ekind) values (197, 16, 'Thaddus', 'e197@myCompany.com', '310-129-5922', null, 'Manager');
	insert into Employees (eid, did, ename, email, contact, resignedDate, ekind) values (198, 14, 'Libby', 'e198@myCompany.com', '280-952-7251', '4/24/2021', 'Manager');
	insert into Employees (eid, did, ename, email, contact, resignedDate, ekind) values (199, 11, 'Raddie', 'e199@myCompany.com', '715-915-2539', null, 'Senior');
	insert into Employees (eid, did, ename, email, contact, resignedDate, ekind) values (200, 6, 'Galen', 'e200@myCompany.com', '380-203-2856', null, 'Manager');
	insert into Employees (eid, did, ename, email, contact, resignedDate, ekind) values (201, 23, 'Roland', 'e201@myCompany.com', '534-382-5167', null, 'Manager');
	insert into Employees (eid, did, ename, email, contact, resignedDate, ekind) values (202, 21, 'Sean', 'e202@myCompany.com', '969-888-8254', null, 'Senior');
	insert into Employees (eid, did, ename, email, contact, resignedDate, ekind) values (203, 24, 'Pansy', 'e203@myCompany.com', '741-748-9579', null, 'Junior');
	insert into Employees (eid, did, ename, email, contact, resignedDate, ekind) values (204, 19, 'Axe', 'e204@myCompany.com', '586-904-9919', null, 'Senior');
	insert into Employees (eid, did, ename, email, contact, resignedDate, ekind) values (205, 12, 'Heidi', 'e205@myCompany.com', '926-973-6524', null, 'Junior');
	insert into Employees (eid, did, ename, email, contact, resignedDate, ekind) values (206, 9, 'Katrinka', 'e206@myCompany.com', '666-617-9451', null, 'Junior');
	insert into Employees (eid, did, ename, email, contact, resignedDate, ekind) values (207, 12, 'Loralie', 'e207@myCompany.com', '576-650-6526', null, 'Senior');
	insert into Employees (eid, did, ename, email, contact, resignedDate, ekind) values (208, 21, 'Randolf', 'e208@myCompany.com', '106-468-2184', null, 'Junior');
	insert into Employees (eid, did, ename, email, contact, resignedDate, ekind) values (209, 24, 'Halsy', 'e209@myCompany.com', '642-188-9276', null, 'Senior');
	insert into Employees (eid, did, ename, email, contact, resignedDate, ekind) values (210, 1, 'Mathe', 'e210@myCompany.com', '238-469-0101', null, 'Manager');
	insert into Employees (eid, did, ename, email, contact, resignedDate, ekind) values (211, 15, 'Alfie', 'e211@myCompany.com', '960-932-1747', null, 'Junior');
	insert into Employees (eid, did, ename, email, contact, resignedDate, ekind) values (212, 10, 'Nanny', 'e212@myCompany.com', '101-676-4818', null, 'Manager');
	insert into Employees (eid, did, ename, email, contact, resignedDate, ekind) values (213, 20, 'Quincy', 'e213@myCompany.com', '360-797-4151', null, 'Senior');
	insert into Employees (eid, did, ename, email, contact, resignedDate, ekind) values (214, 23, 'Flory', 'e214@myCompany.com', '295-230-4451', '6/16/2021', 'Senior');
	insert into Employees (eid, did, ename, email, contact, resignedDate, ekind) values (215, 11, 'Kendrick', 'e215@myCompany.com', '872-281-4602', null, 'Junior');
	insert into Employees (eid, did, ename, email, contact, resignedDate, ekind) values (216, 6, 'Franky', 'e216@myCompany.com', '294-334-1610', null, 'Manager');
	insert into Employees (eid, did, ename, email, contact, resignedDate, ekind) values (217, 10, 'Elsi', 'e217@myCompany.com', '616-629-8546', null, 'Senior');
	insert into Employees (eid, did, ename, email, contact, resignedDate, ekind) values (218, 9, 'Ches', 'e218@myCompany.com', '168-485-0928', null, 'Senior');
	insert into Employees (eid, did, ename, email, contact, resignedDate, ekind) values (219, 16, 'Iormina', 'e219@myCompany.com', '140-385-6302', null, 'Senior');
	insert into Employees (eid, did, ename, email, contact, resignedDate, ekind) values (220, 4, 'Elisa', 'e220@myCompany.com', '746-223-5036', null, 'Senior');
	insert into Employees (eid, did, ename, email, contact, resignedDate, ekind) values (221, 8, 'Lindsay', 'e221@myCompany.com', '780-925-0985', null, 'Junior');
	insert into Employees (eid, did, ename, email, contact, resignedDate, ekind) values (222, 20, 'Leonidas', 'e222@myCompany.com', '814-269-5273', null, 'Senior');
	insert into Employees (eid, did, ename, email, contact, resignedDate, ekind) values (223, 13, 'Hardy', 'e223@myCompany.com', '541-401-7172', '11/2/2021', 'Senior');
	insert into Employees (eid, did, ename, email, contact, resignedDate, ekind) values (224, 16, 'Dorolisa', 'e224@myCompany.com', '314-531-8192', null, 'Manager');
	insert into Employees (eid, did, ename, email, contact, resignedDate, ekind) values (225, 4, 'Ricoriki', 'e225@myCompany.com', '209-200-5965', '12/28/2020', 'Senior');
	insert into Employees (eid, did, ename, email, contact, resignedDate, ekind) values (226, 20, 'Pall', 'e226@myCompany.com', '902-276-0132', null, 'Junior');
	insert into Employees (eid, did, ename, email, contact, resignedDate, ekind) values (227, 22, 'Ellary', 'e227@myCompany.com', '860-437-4284', null, 'Junior');
	insert into Employees (eid, did, ename, email, contact, resignedDate, ekind) values (228, 24, 'Jennifer', 'e228@myCompany.com', '657-263-5219', null, 'Manager');
	insert into Employees (eid, did, ename, email, contact, resignedDate, ekind) values (229, 7, 'Jennilee', 'e229@myCompany.com', '363-292-8095', null, 'Senior');
	insert into Employees (eid, did, ename, email, contact, resignedDate, ekind) values (230, 4, 'Ike', 'e230@myCompany.com', '979-231-5293', '5/18/2020', 'Manager');
	insert into Employees (eid, did, ename, email, contact, resignedDate, ekind) values (231, 23, 'Bonnibelle', 'e231@myCompany.com', '263-249-8047', null, 'Junior');
	insert into Employees (eid, did, ename, email, contact, resignedDate, ekind) values (232, 21, 'Josefina', 'e232@myCompany.com', '915-132-4118', null, 'Manager');
	insert into Employees (eid, did, ename, email, contact, resignedDate, ekind) values (233, 22, 'Heddi', 'e233@myCompany.com', '244-595-4242', null, 'Senior');
	insert into Employees (eid, did, ename, email, contact, resignedDate, ekind) values (234, 24, 'Letty', 'e234@myCompany.com', '867-167-1989', null, 'Senior');
	insert into Employees (eid, did, ename, email, contact, resignedDate, ekind) values (235, 14, 'Emery', 'e235@myCompany.com', '900-345-1545', null, 'Senior');
	insert into Employees (eid, did, ename, email, contact, resignedDate, ekind) values (236, 5, 'Nels', 'e236@myCompany.com', '497-622-7203', null, 'Junior');
	insert into Employees (eid, did, ename, email, contact, resignedDate, ekind) values (237, 11, 'Hermy', 'e237@myCompany.com', '175-279-5370', null, 'Junior');
	insert into Employees (eid, did, ename, email, contact, resignedDate, ekind) values (238, 16, 'Zaria', 'e238@myCompany.com', '238-739-7857', null, 'Manager');
	insert into Employees (eid, did, ename, email, contact, resignedDate, ekind) values (239, 6, 'Marni', 'e239@myCompany.com', '703-751-3407', null, 'Senior');
	insert into Employees (eid, did, ename, email, contact, resignedDate, ekind) values (240, 21, 'Jayson', 'e240@myCompany.com', '917-960-7265', null, 'Senior');
	insert into Employees (eid, did, ename, email, contact, resignedDate, ekind) values (241, 25, 'Percy', 'e241@myCompany.com', '464-591-3102', null, 'Manager');
	insert into Employees (eid, did, ename, email, contact, resignedDate, ekind) values (242, 17, 'Tess', 'e242@myCompany.com', '398-506-7739', null, 'Senior');
	insert into Employees (eid, did, ename, email, contact, resignedDate, ekind) values (243, 5, 'Kati', 'e243@myCompany.com', '406-549-6211', '8/26/2021', 'Manager');
	insert into Employees (eid, did, ename, email, contact, resignedDate, ekind) values (244, 19, 'Adelina', 'e244@myCompany.com', '428-778-0636', null, 'Senior');
	insert into Employees (eid, did, ename, email, contact, resignedDate, ekind) values (245, 5, 'Tandy', 'e245@myCompany.com', '804-495-0041', '5/23/2020', 'Junior');
	insert into Employees (eid, did, ename, email, contact, resignedDate, ekind) values (246, 23, 'Hale', 'e246@myCompany.com', '111-790-5286', null, 'Manager');
	insert into Employees (eid, did, ename, email, contact, resignedDate, ekind) values (247, 10, 'Chloe', 'e247@myCompany.com', '831-806-8881', null, 'Junior');
	insert into Employees (eid, did, ename, email, contact, resignedDate, ekind) values (248, 9, 'Kyrstin', 'e248@myCompany.com', '420-114-1296', null, 'Senior');
	insert into Employees (eid, did, ename, email, contact, resignedDate, ekind) values (249, 23, 'Fonsie', 'e249@myCompany.com', '854-294-9779', null, 'Junior');
	insert into Employees (eid, did, ename, email, contact, resignedDate, ekind) values (250, 8, 'Julius', 'e250@myCompany.com', '203-195-3590', null, 'Manager');
	insert into Employees (eid, did, ename, email, contact, resignedDate, ekind) values (251, 19, 'Horace', 'e251@myCompany.com', '614-103-6448', null, 'Junior');
	insert into Employees (eid, did, ename, email, contact, resignedDate, ekind) values (252, 8, 'Francisco', 'e252@myCompany.com', '347-711-0735', null, 'Senior');
	insert into Employees (eid, did, ename, email, contact, resignedDate, ekind) values (253, 25, 'Waldemar', 'e253@myCompany.com', '249-554-3587', null, 'Manager');
	insert into Employees (eid, did, ename, email, contact, resignedDate, ekind) values (254, 17, 'Chucho', 'e254@myCompany.com', '499-440-7547', null, 'Junior');
	insert into Employees (eid, did, ename, email, contact, resignedDate, ekind) values (255, 8, 'Ambrosi', 'e255@myCompany.com', '249-431-3439', null, 'Senior');
	insert into Employees (eid, did, ename, email, contact, resignedDate, ekind) values (256, 14, 'Lucretia', 'e256@myCompany.com', '776-174-4006', null, 'Junior');
	insert into Employees (eid, did, ename, email, contact, resignedDate, ekind) values (257, 8, 'Constantino', 'e257@myCompany.com', '249-784-1925', null, 'Junior');
	insert into Employees (eid, did, ename, email, contact, resignedDate, ekind) values (258, 13, 'Maris', 'e258@myCompany.com', '462-995-2223', null, 'Senior');
	insert into Employees (eid, did, ename, email, contact, resignedDate, ekind) values (259, 12, 'Jill', 'e259@myCompany.com', '739-741-7008', null, 'Manager');
	insert into Employees (eid, did, ename, email, contact, resignedDate, ekind) values (260, 22, 'Dolley', 'e260@myCompany.com', '409-911-3835', null, 'Manager');
	insert into Employees (eid, did, ename, email, contact, resignedDate, ekind) values (261, 11, 'Theressa', 'e261@myCompany.com', '986-217-7487', null, 'Junior');
	insert into Employees (eid, did, ename, email, contact, resignedDate, ekind) values (262, 22, 'Towney', 'e262@myCompany.com', '414-885-0625', null, 'Senior');
	insert into Employees (eid, did, ename, email, contact, resignedDate, ekind) values (263, 5, 'Evangelin', 'e263@myCompany.com', '251-409-9331', null, 'Junior');
	insert into Employees (eid, did, ename, email, contact, resignedDate, ekind) values (264, 6, 'Sam', 'e264@myCompany.com', '160-879-2349', null, 'Manager');
	insert into Employees (eid, did, ename, email, contact, resignedDate, ekind) values (265, 4, 'Lita', 'e265@myCompany.com', '493-648-1487', null, 'Manager');
	insert into Employees (eid, did, ename, email, contact, resignedDate, ekind) values (266, 4, 'Joshia', 'e266@myCompany.com', '411-309-5074', null, 'Senior');
	insert into Employees (eid, did, ename, email, contact, resignedDate, ekind) values (267, 3, 'Krissie', 'e267@myCompany.com', '110-966-0274', null, 'Senior');
	insert into Employees (eid, did, ename, email, contact, resignedDate, ekind) values (268, 24, 'Courtenay', 'e268@myCompany.com', '795-958-5086', null, 'Senior');
	insert into Employees (eid, did, ename, email, contact, resignedDate, ekind) values (269, 8, 'York', 'e269@myCompany.com', '623-816-4929', null, 'Manager');
	insert into Employees (eid, did, ename, email, contact, resignedDate, ekind) values (270, 24, 'Toiboid', 'e270@myCompany.com', '861-707-5000', null, 'Manager');
	insert into Employees (eid, did, ename, email, contact, resignedDate, ekind) values (271, 8, 'Elly', 'e271@myCompany.com', '774-516-5439', null, 'Junior');
	insert into Employees (eid, did, ename, email, contact, resignedDate, ekind) values (272, 23, 'Melisse', 'e272@myCompany.com', '698-881-8484', null, 'Senior');
	insert into Employees (eid, did, ename, email, contact, resignedDate, ekind) values (273, 6, 'Edmon', 'e273@myCompany.com', '155-594-8424', null, 'Manager');
	insert into Employees (eid, did, ename, email, contact, resignedDate, ekind) values (274, 11, 'Ciel', 'e274@myCompany.com', '266-850-1352', null, 'Junior');
	insert into Employees (eid, did, ename, email, contact, resignedDate, ekind) values (275, 21, 'Lyndsie', 'e275@myCompany.com', '582-325-6250', null, 'Senior');
	insert into Employees (eid, did, ename, email, contact, resignedDate, ekind) values (276, 15, 'Kalila', 'e276@myCompany.com', '244-410-9529', null, 'Senior');
	insert into Employees (eid, did, ename, email, contact, resignedDate, ekind) values (277, 9, 'Reid', 'e277@myCompany.com', '174-687-5910', null, 'Junior');
	insert into Employees (eid, did, ename, email, contact, resignedDate, ekind) values (278, 24, 'Mickie', 'e278@myCompany.com', '810-596-0196', null, 'Manager');
	insert into Employees (eid, did, ename, email, contact, resignedDate, ekind) values (279, 7, 'Christi', 'e279@myCompany.com', '259-510-6647', null, 'Manager');
	insert into Employees (eid, did, ename, email, contact, resignedDate, ekind) values (280, 6, 'Maurice', 'e280@myCompany.com', '991-242-2283', '11/24/2020', 'Senior');
	insert into Employees (eid, did, ename, email, contact, resignedDate, ekind) values (281, 20, 'Meridith', 'e281@myCompany.com', '271-802-2267', null, 'Junior');
	insert into Employees (eid, did, ename, email, contact, resignedDate, ekind) values (282, 13, 'Lazarus', 'e282@myCompany.com', '695-618-1199', '8/9/2019', 'Manager');
	insert into Employees (eid, did, ename, email, contact, resignedDate, ekind) values (283, 8, 'Ambur', 'e283@myCompany.com', '681-927-2351', null, 'Junior');
	insert into Employees (eid, did, ename, email, contact, resignedDate, ekind) values (284, 15, 'Cy', 'e284@myCompany.com', '398-799-4181', null, 'Manager');
	insert into Employees (eid, did, ename, email, contact, resignedDate, ekind) values (285, 17, 'Marlowe', 'e285@myCompany.com', '232-175-5753', null, 'Senior');
	insert into Employees (eid, did, ename, email, contact, resignedDate, ekind) values (286, 15, 'Lorri', 'e286@myCompany.com', '880-238-6850', '5/21/2021', 'Senior');
	insert into Employees (eid, did, ename, email, contact, resignedDate, ekind) values (287, 15, 'Hamlen', 'e287@myCompany.com', '737-329-6996', null, 'Junior');
	insert into Employees (eid, did, ename, email, contact, resignedDate, ekind) values (288, 3, 'Koralle', 'e288@myCompany.com', '734-946-3489', '9/16/2019', 'Manager');
	insert into Employees (eid, did, ename, email, contact, resignedDate, ekind) values (289, 8, 'Gwenette', 'e289@myCompany.com', '713-902-9643', null, 'Junior');
	insert into Employees (eid, did, ename, email, contact, resignedDate, ekind) values (290, 18, 'Fernandina', 'e290@myCompany.com', '904-888-1382', null, 'Senior');
	insert into Employees (eid, did, ename, email, contact, resignedDate, ekind) values (291, 16, 'Nerta', 'e291@myCompany.com', '757-515-9734', '4/13/2021', 'Junior');
	insert into Employees (eid, did, ename, email, contact, resignedDate, ekind) values (292, 7, 'Wayne', 'e292@myCompany.com', '436-973-9051', null, 'Senior');
	insert into Employees (eid, did, ename, email, contact, resignedDate, ekind) values (293, 22, 'Bondon', 'e293@myCompany.com', '423-911-9404', null, 'Senior');
	insert into Employees (eid, did, ename, email, contact, resignedDate, ekind) values (294, 9, 'Marya', 'e294@myCompany.com', '591-710-8293', null, 'Senior');
	insert into Employees (eid, did, ename, email, contact, resignedDate, ekind) values (295, 3, 'Erl', 'e295@myCompany.com', '588-932-8817', null, 'Manager');
	insert into Employees (eid, did, ename, email, contact, resignedDate, ekind) values (296, 17, 'Wilma', 'e296@myCompany.com', '807-980-3076', null, 'Junior');
	insert into Employees (eid, did, ename, email, contact, resignedDate, ekind) values (297, 17, 'Stacee', 'e297@myCompany.com', '349-918-4649', null, 'Senior');
	insert into Employees (eid, did, ename, email, contact, resignedDate, ekind) values (298, 17, 'Florenza', 'e298@myCompany.com', '520-708-7885', null, 'Manager');
	insert into Employees (eid, did, ename, email, contact, resignedDate, ekind) values (299, 12, 'Eustacia', 'e299@myCompany.com', '332-793-9494', null, 'Senior');
	insert into Employees (eid, did, ename, email, contact, resignedDate, ekind) values (300, 19, 'Jozef', 'e300@myCompany.com', '314-669-7018', null, 'Junior');
	insert into Employees (eid, did, ename, email, contact, resignedDate, ekind) values (301, 1, 'Dalila', 'e301@myCompany.com', '533-599-2152', null, 'Junior');
	insert into Employees (eid, did, ename, email, contact, resignedDate, ekind) values (302, 17, 'Isaak', 'e302@myCompany.com', '162-320-6900', null, 'Senior');
	insert into Employees (eid, did, ename, email, contact, resignedDate, ekind) values (303, 12, 'Verina', 'e303@myCompany.com', '770-880-6304', null, 'Manager');
	insert into Employees (eid, did, ename, email, contact, resignedDate, ekind) values (304, 1, 'Forrester', 'e304@myCompany.com', '703-580-2539', null, 'Junior');
	insert into Employees (eid, did, ename, email, contact, resignedDate, ekind) values (305, 20, 'Shani', 'e305@myCompany.com', '597-368-3424', null, 'Junior');
	insert into Employees (eid, did, ename, email, contact, resignedDate, ekind) values (306, 6, 'Darelle', 'e306@myCompany.com', '428-209-9825', null, 'Senior');
	insert into Employees (eid, did, ename, email, contact, resignedDate, ekind) values (307, 16, 'Gerladina', 'e307@myCompany.com', '971-595-6575', null, 'Manager');
	insert into Employees (eid, did, ename, email, contact, resignedDate, ekind) values (308, 2, 'Catherin', 'e308@myCompany.com', '396-125-6747', null, 'Junior');
	insert into Employees (eid, did, ename, email, contact, resignedDate, ekind) values (309, 8, 'Westleigh', 'e309@myCompany.com', '823-728-6762', null, 'Senior');
	insert into Employees (eid, did, ename, email, contact, resignedDate, ekind) values (310, 18, 'Delores', 'e310@myCompany.com', '108-188-9861', '9/29/2019', 'Manager');
	insert into Employees (eid, did, ename, email, contact, resignedDate, ekind) values (311, 24, 'Tully', 'e311@myCompany.com', '257-557-4827', null, 'Manager');
	insert into Employees (eid, did, ename, email, contact, resignedDate, ekind) values (312, 2, 'Darlleen', 'e312@myCompany.com', '273-136-7774', null, 'Manager');
	insert into Employees (eid, did, ename, email, contact, resignedDate, ekind) values (313, 23, 'Pammi', 'e313@myCompany.com', '544-794-0422', null, 'Junior');
	insert into Employees (eid, did, ename, email, contact, resignedDate, ekind) values (314, 3, 'Tomlin', 'e314@myCompany.com', '708-892-4441', null, 'Senior');
	insert into Employees (eid, did, ename, email, contact, resignedDate, ekind) values (315, 21, 'Ray', 'e315@myCompany.com', '648-418-9901', null, 'Senior');
	insert into Employees (eid, did, ename, email, contact, resignedDate, ekind) values (316, 17, 'Thadeus', 'e316@myCompany.com', '189-872-7731', null, 'Senior');
	insert into Employees (eid, did, ename, email, contact, resignedDate, ekind) values (317, 2, 'Benetta', 'e317@myCompany.com', '573-809-2658', null, 'Manager');
	insert into Employees (eid, did, ename, email, contact, resignedDate, ekind) values (318, 15, 'Marie-jeanne', 'e318@myCompany.com', '830-349-8826', '9/18/2021', 'Manager');
	insert into Employees (eid, did, ename, email, contact, resignedDate, ekind) values (319, 20, 'Loydie', 'e319@myCompany.com', '536-488-7495', null, 'Junior');
	insert into Employees (eid, did, ename, email, contact, resignedDate, ekind) values (320, 2, 'Jody', 'e320@myCompany.com', '758-115-9420', null, 'Manager');
	insert into Employees (eid, did, ename, email, contact, resignedDate, ekind) values (321, 22, 'Natalya', 'e321@myCompany.com', '897-555-2910', null, 'Junior');
	insert into Employees (eid, did, ename, email, contact, resignedDate, ekind) values (322, 23, 'Jacquette', 'e322@myCompany.com', '535-699-4075', null, 'Junior');
	insert into Employees (eid, did, ename, email, contact, resignedDate, ekind) values (323, 15, 'Kelly', 'e323@myCompany.com', '165-101-0431', null, 'Junior');
	insert into Employees (eid, did, ename, email, contact, resignedDate, ekind) values (324, 16, 'Meredith', 'e324@myCompany.com', '623-436-3909', null, 'Manager');
	insert into Employees (eid, did, ename, email, contact, resignedDate, ekind) values (325, 12, 'Dinny', 'e325@myCompany.com', '934-421-9070', null, 'Manager');
	insert into Employees (eid, did, ename, email, contact, resignedDate, ekind) values (326, 1, 'Carine', 'e326@myCompany.com', '823-894-1130', null, 'Manager');
	insert into Employees (eid, did, ename, email, contact, resignedDate, ekind) values (327, 11, 'Gerti', 'e327@myCompany.com', '855-151-7961', null, 'Senior');
	insert into Employees (eid, did, ename, email, contact, resignedDate, ekind) values (328, 8, 'Marcelia', 'e328@myCompany.com', '472-615-7603', null, 'Senior');
	insert into Employees (eid, did, ename, email, contact, resignedDate, ekind) values (329, 4, 'Hartwell', 'e329@myCompany.com', '787-547-2680', null, 'Manager');
	insert into Employees (eid, did, ename, email, contact, resignedDate, ekind) values (330, 2, 'Fara', 'e330@myCompany.com', '183-858-3661', null, 'Manager');
	insert into Employees (eid, did, ename, email, contact, resignedDate, ekind) values (331, 5, 'Hodge', 'e331@myCompany.com', '793-145-2700', null, 'Manager');
	insert into Employees (eid, did, ename, email, contact, resignedDate, ekind) values (332, 11, 'Kim', 'e332@myCompany.com', '210-264-2637', null, 'Senior');
	insert into Employees (eid, did, ename, email, contact, resignedDate, ekind) values (333, 12, 'Gregg', 'e333@myCompany.com', '111-225-1954', null, 'Senior');
	insert into Employees (eid, did, ename, email, contact, resignedDate, ekind) values (334, 7, 'Briana', 'e334@myCompany.com', '740-352-3908', null, 'Junior');
	insert into Employees (eid, did, ename, email, contact, resignedDate, ekind) values (335, 1, 'Jamie', 'e335@myCompany.com', '712-172-0800', null, 'Senior');
	insert into Employees (eid, did, ename, email, contact, resignedDate, ekind) values (336, 3, 'Rora', 'e336@myCompany.com', '484-334-1911', '10/8/2019', 'Senior');
	insert into Employees (eid, did, ename, email, contact, resignedDate, ekind) values (337, 18, 'Thurston', 'e337@myCompany.com', '881-194-3689', '4/9/2020', 'Manager');
	insert into Employees (eid, did, ename, email, contact, resignedDate, ekind) values (338, 24, 'Alix', 'e338@myCompany.com', '965-483-8761', '6/29/2021', 'Junior');
	insert into Employees (eid, did, ename, email, contact, resignedDate, ekind) values (339, 13, 'Hendrika', 'e339@myCompany.com', '945-519-6374', null, 'Manager');
	insert into Employees (eid, did, ename, email, contact, resignedDate, ekind) values (340, 6, 'Tommie', 'e340@myCompany.com', '317-284-1706', null, 'Junior');
	insert into Employees (eid, did, ename, email, contact, resignedDate, ekind) values (341, 20, 'Ax', 'e341@myCompany.com', '401-449-5909', null, 'Manager');
	insert into Employees (eid, did, ename, email, contact, resignedDate, ekind) values (342, 6, 'Pacorro', 'e342@myCompany.com', '220-727-3119', null, 'Manager');
	insert into Employees (eid, did, ename, email, contact, resignedDate, ekind) values (343, 12, 'Tarrance', 'e343@myCompany.com', '695-849-2572', null, 'Manager');
	insert into Employees (eid, did, ename, email, contact, resignedDate, ekind) values (344, 13, 'Casper', 'e344@myCompany.com', '736-647-0689', null, 'Senior');
	insert into Employees (eid, did, ename, email, contact, resignedDate, ekind) values (345, 5, 'Rich', 'e345@myCompany.com', '510-294-7176', null, 'Senior');
	insert into Employees (eid, did, ename, email, contact, resignedDate, ekind) values (346, 10, 'Barr', 'e346@myCompany.com', '890-359-9419', null, 'Junior');
	insert into Employees (eid, did, ename, email, contact, resignedDate, ekind) values (347, 20, 'Paxon', 'e347@myCompany.com', '771-740-0943', null, 'Manager');
	insert into Employees (eid, did, ename, email, contact, resignedDate, ekind) values (348, 11, 'Lacie', 'e348@myCompany.com', '609-227-1877', null, 'Senior');
	insert into Employees (eid, did, ename, email, contact, resignedDate, ekind) values (349, 1, 'Orran', 'e349@myCompany.com', '517-961-4863', null, 'Junior');
	insert into Employees (eid, did, ename, email, contact, resignedDate, ekind) values (350, 9, 'Kris', 'e350@myCompany.com', '499-928-2635', null, 'Senior');
	insert into Employees (eid, did, ename, email, contact, resignedDate, ekind) values (351, 20, 'Titos', 'e351@myCompany.com', '697-179-3855', null, 'Manager');
	insert into Employees (eid, did, ename, email, contact, resignedDate, ekind) values (352, 12, 'Lonnard', 'e352@myCompany.com', '777-696-3425', null, 'Junior');
	insert into Employees (eid, did, ename, email, contact, resignedDate, ekind) values (353, 13, 'Thatcher', 'e353@myCompany.com', '430-711-5581', null, 'Senior');
	insert into Employees (eid, did, ename, email, contact, resignedDate, ekind) values (354, 23, 'Bettye', 'e354@myCompany.com', '172-601-3022', null, 'Senior');
	insert into Employees (eid, did, ename, email, contact, resignedDate, ekind) values (355, 12, 'Burke', 'e355@myCompany.com', '109-531-2655', null, 'Manager');
	insert into Employees (eid, did, ename, email, contact, resignedDate, ekind) values (356, 3, 'Aryn', 'e356@myCompany.com', '837-698-7410', '6/1/2021', 'Manager');
	insert into Employees (eid, did, ename, email, contact, resignedDate, ekind) values (357, 15, 'Martainn', 'e357@myCompany.com', '109-632-0197', null, 'Manager');
	insert into Employees (eid, did, ename, email, contact, resignedDate, ekind) values (358, 7, 'Jerrie', 'e358@myCompany.com', '820-746-5711', null, 'Manager');
	insert into Employees (eid, did, ename, email, contact, resignedDate, ekind) values (359, 13, 'Adrian', 'e359@myCompany.com', '431-661-4972', null, 'Junior');
	insert into Employees (eid, did, ename, email, contact, resignedDate, ekind) values (360, 8, 'Bobby', 'e360@myCompany.com', '793-813-7393', null, 'Manager');
	insert into Employees (eid, did, ename, email, contact, resignedDate, ekind) values (361, 14, 'Almira', 'e361@myCompany.com', '664-706-9302', null, 'Junior');
	insert into Employees (eid, did, ename, email, contact, resignedDate, ekind) values (362, 11, 'Lesli', 'e362@myCompany.com', '975-255-9927', null, 'Manager');
	insert into Employees (eid, did, ename, email, contact, resignedDate, ekind) values (363, 10, 'Sabina', 'e363@myCompany.com', '952-536-0449', null, 'Junior');
	insert into Employees (eid, did, ename, email, contact, resignedDate, ekind) values (364, 12, 'Bone', 'e364@myCompany.com', '872-603-0075', null, 'Junior');
	insert into Employees (eid, did, ename, email, contact, resignedDate, ekind) values (365, 2, 'Justus', 'e365@myCompany.com', '308-928-3273', null, 'Manager');
	insert into Employees (eid, did, ename, email, contact, resignedDate, ekind) values (366, 7, 'Kayla', 'e366@myCompany.com', '998-775-1475', null, 'Senior');
	insert into Employees (eid, did, ename, email, contact, resignedDate, ekind) values (367, 21, 'Tommi', 'e367@myCompany.com', '914-116-8522', null, 'Junior');
	insert into Employees (eid, did, ename, email, contact, resignedDate, ekind) values (368, 24, 'Raye', 'e368@myCompany.com', '882-276-1654', null, 'Senior');
	insert into Employees (eid, did, ename, email, contact, resignedDate, ekind) values (369, 4, 'Mervin', 'e369@myCompany.com', '747-124-6945', null, 'Senior');
	insert into Employees (eid, did, ename, email, contact, resignedDate, ekind) values (370, 17, 'Cordey', 'e370@myCompany.com', '117-903-4778', '4/16/2020', 'Junior');
	insert into Employees (eid, did, ename, email, contact, resignedDate, ekind) values (371, 24, 'Moss', 'e371@myCompany.com', '290-212-6754', null, 'Senior');
	insert into Employees (eid, did, ename, email, contact, resignedDate, ekind) values (372, 19, 'Kennedy', 'e372@myCompany.com', '722-344-2981', null, 'Senior');
	insert into Employees (eid, did, ename, email, contact, resignedDate, ekind) values (373, 18, 'Neda', 'e373@myCompany.com', '827-448-8678', null, 'Junior');
	insert into Employees (eid, did, ename, email, contact, resignedDate, ekind) values (374, 6, 'Jacky', 'e374@myCompany.com', '880-194-2649', null, 'Senior');
	insert into Employees (eid, did, ename, email, contact, resignedDate, ekind) values (375, 10, 'Yettie', 'e375@myCompany.com', '437-340-0226', null, 'Junior');
	insert into Employees (eid, did, ename, email, contact, resignedDate, ekind) values (376, 11, 'Giusto', 'e376@myCompany.com', '984-363-7406', null, 'Manager');
	insert into Employees (eid, did, ename, email, contact, resignedDate, ekind) values (377, 10, 'Giffard', 'e377@myCompany.com', '115-760-6615', null, 'Manager');
	insert into Employees (eid, did, ename, email, contact, resignedDate, ekind) values (378, 21, 'Van', 'e378@myCompany.com', '647-560-7489', null, 'Junior');
	insert into Employees (eid, did, ename, email, contact, resignedDate, ekind) values (379, 4, 'Peyton', 'e379@myCompany.com', '612-415-2627', '10/15/2021', 'Junior');
	insert into Employees (eid, did, ename, email, contact, resignedDate, ekind) values (380, 24, 'Sylas', 'e380@myCompany.com', '573-320-4011', null, 'Manager');
	insert into Employees (eid, did, ename, email, contact, resignedDate, ekind) values (381, 17, 'Lawry', 'e381@myCompany.com', '340-367-5825', null, 'Manager');
	insert into Employees (eid, did, ename, email, contact, resignedDate, ekind) values (382, 2, 'Frazer', 'e382@myCompany.com', '528-179-7534', null, 'Manager');
	insert into Employees (eid, did, ename, email, contact, resignedDate, ekind) values (383, 2, 'Aleda', 'e383@myCompany.com', '770-202-5521', null, 'Manager');
	insert into Employees (eid, did, ename, email, contact, resignedDate, ekind) values (384, 13, 'Thebault', 'e384@myCompany.com', '193-685-4234', null, 'Manager');
	insert into Employees (eid, did, ename, email, contact, resignedDate, ekind) values (385, 22, 'Vladamir', 'e385@myCompany.com', '217-859-0019', null, 'Junior');
	insert into Employees (eid, did, ename, email, contact, resignedDate, ekind) values (386, 7, 'Shelley', 'e386@myCompany.com', '571-780-2385', null, 'Senior');
	insert into Employees (eid, did, ename, email, contact, resignedDate, ekind) values (387, 9, 'Rhys', 'e387@myCompany.com', '896-194-8112', null, 'Manager');
	insert into Employees (eid, did, ename, email, contact, resignedDate, ekind) values (388, 19, 'Camey', 'e388@myCompany.com', '262-551-3034', null, 'Junior');
	insert into Employees (eid, did, ename, email, contact, resignedDate, ekind) values (389, 13, 'Astra', 'e389@myCompany.com', '622-144-9559', null, 'Senior');
	insert into Employees (eid, did, ename, email, contact, resignedDate, ekind) values (390, 22, 'Ellwood', 'e390@myCompany.com', '426-858-1134', null, 'Senior');
	insert into Employees (eid, did, ename, email, contact, resignedDate, ekind) values (391, 13, 'Matthaeus', 'e391@myCompany.com', '305-148-2696', null, 'Senior');
	insert into Employees (eid, did, ename, email, contact, resignedDate, ekind) values (392, 19, 'Dulsea', 'e392@myCompany.com', '854-361-1398', null, 'Senior');
	insert into Employees (eid, did, ename, email, contact, resignedDate, ekind) values (393, 14, 'Lauralee', 'e393@myCompany.com', '176-989-9677', null, 'Manager');
	insert into Employees (eid, did, ename, email, contact, resignedDate, ekind) values (394, 11, 'Tamqrah', 'e394@myCompany.com', '415-463-3157', null, 'Manager');
	insert into Employees (eid, did, ename, email, contact, resignedDate, ekind) values (395, 21, 'Corrie', 'e395@myCompany.com', '888-998-7362', null, 'Senior');
	insert into Employees (eid, did, ename, email, contact, resignedDate, ekind) values (396, 17, 'Teddy', 'e396@myCompany.com', '903-376-1994', '3/6/2021', 'Junior');
	insert into Employees (eid, did, ename, email, contact, resignedDate, ekind) values (397, 8, 'Riannon', 'e397@myCompany.com', '921-944-9527', null, 'Senior');
	insert into Employees (eid, did, ename, email, contact, resignedDate, ekind) values (398, 16, 'Ardelle', 'e398@myCompany.com', '844-909-5859', null, 'Junior');
	insert into Employees (eid, did, ename, email, contact, resignedDate, ekind) values (399, 16, 'Lawry', 'e399@myCompany.com', '233-895-9216', null, 'Junior');
	insert into Employees (eid, did, ename, email, contact, resignedDate, ekind) values (400, 13, 'Lula', 'e400@myCompany.com', '526-119-3050', null, 'Senior');

	insert into MeetingRooms (floors, room, rname, capacity, update_date, did) values (2, 1, 'Klein Group', 47, '5/29/2020', 18);
	insert into MeetingRooms (floors, room, rname, capacity, update_date, did) values (2, 2, 'Trantow, Wisozk and Roob', 11, '8/2/2021', 3);
	insert into MeetingRooms (floors, room, rname, capacity, update_date, did) values (2, 3, 'Wunsch, Beahan and Schmidt', 23, '5/23/2020', 3);
	insert into MeetingRooms (floors, room, rname, capacity, update_date, did) values (2, 4, 'Kuhn-Schowalter', 20, '8/1/2021', 17);
	insert into MeetingRooms (floors, room, rname, capacity, update_date, did) values (2, 5, 'Padberg-Kshlerin', 10, '4/7/2020', 9);
	insert into MeetingRooms (floors, room, rname, capacity, update_date, did) values (2, 6, 'Bayer-Roob', 47, '10/3/2021', 5);
	insert into MeetingRooms (floors, room, rname, capacity, update_date, did) values (2, 7, 'Lueilwitz and Sons', 37, '11/18/2019', 14);
	insert into MeetingRooms (floors, room, rname, capacity, update_date, did) values (2, 8, 'Marvin, Brekke and Towne', 27, '8/27/2020', 23);
	insert into MeetingRooms (floors, room, rname, capacity, update_date, did) values (2, 9, 'Ullrich LLC', 21, '9/25/2019', 22);
	insert into MeetingRooms (floors, room, rname, capacity, update_date, did) values (2, 10, 'Schamberger and Sons', 25, '6/25/2019', 12);
	insert into MeetingRooms (floors, room, rname, capacity, update_date, did) values (2, 11, 'Sauer, Roberts and Wehner', 50, '5/27/2019', 13);
	insert into MeetingRooms (floors, room, rname, capacity, update_date, did) values (2, 12, 'Gusikowski-Walsh', 22, '11/5/2020', 3);
	insert into MeetingRooms (floors, room, rname, capacity, update_date, did) values (2, 13, 'Ondricka LLC', 8, '5/26/2019', 12);
	insert into MeetingRooms (floors, room, rname, capacity, update_date, did) values (2, 14, 'O''Kon and Sons', 1, '8/27/2021', 5);
	insert into MeetingRooms (floors, room, rname, capacity, update_date, did) values (2, 15, 'Streich-Bahringer', 31, '1/1/2019', 10);
	insert into MeetingRooms (floors, room, rname, capacity, update_date, did) values (2, 16, 'Larson, Ebert and Jacobson', 7, '5/26/2021', 15);
	insert into MeetingRooms (floors, room, rname, capacity, update_date, did) values (2, 17, 'Littel Group', 50, '8/17/2021', 7);
	insert into MeetingRooms (floors, room, rname, capacity, update_date, did) values (2, 18, 'Hilll-Jacobi', 35, '2/5/2021', 3);
	insert into MeetingRooms (floors, room, rname, capacity, update_date, did) values (2, 19, 'Cormier-Rolfson', 6, '7/14/2020', 8);
	insert into MeetingRooms (floors, room, rname, capacity, update_date, did) values (2, 20, 'Kreiger, Volkman and Koch', 30, '7/3/2021', 5);
	insert into MeetingRooms (floors, room, rname, capacity, update_date, did) values (2, 21, 'Fisher, Sawayn and Lindgren', 30, '7/3/2020', 8);
	insert into MeetingRooms (floors, room, rname, capacity, update_date, did) values (2, 22, 'Kuvalis Group', 5, '1/15/2021', 9);
	insert into MeetingRooms (floors, room, rname, capacity, update_date, did) values (2, 23, 'Rowe-Sipes', 21, '5/6/2019', 12);
	insert into MeetingRooms (floors, room, rname, capacity, update_date, did) values (2, 24, 'Muller-Veum', 12, '1/10/2020', 17);
	insert into MeetingRooms (floors, room, rname, capacity, update_date, did) values (2, 25, 'Muller, Hirthe and Spinka', 5, '10/12/2020', 21);
	insert into MeetingRooms (floors, room, rname, capacity, update_date, did) values (2, 26, 'Gaylord, Sanford and VonRueden', 50, '5/5/2020', 10);
	insert into MeetingRooms (floors, room, rname, capacity, update_date, did) values (2, 27, 'Greenholt, Schinner and Kunze', 40, '8/27/2021', 24);
	insert into MeetingRooms (floors, room, rname, capacity, update_date, did) values (2, 28, 'Cartwright, Ledner and Sipes', 38, '10/8/2019', 6);
	insert into MeetingRooms (floors, room, rname, capacity, update_date, did) values (2, 29, 'Lesch-Mante', 3, '1/14/2020', 13);
	insert into MeetingRooms (floors, room, rname, capacity, update_date, did) values (2, 30, 'Price LLC', 30, '9/27/2021', 6);
	insert into MeetingRooms (floors, room, rname, capacity, update_date, did) values (2, 31, 'Ortiz, Morar and Ondricka', 34, '3/22/2021', 6);
	insert into MeetingRooms (floors, room, rname, capacity, update_date, did) values (2, 32, 'Bosco, Stamm and Schamberger', 3, '7/15/2020', 5);
	insert into MeetingRooms (floors, room, rname, capacity, update_date, did) values (2, 33, 'Greenfelder LLC', 13, '10/1/2021', 15);
	insert into MeetingRooms (floors, room, rname, capacity, update_date, did) values (2, 34, 'Feest LLC', 10, '8/12/2019', 24);
	insert into MeetingRooms (floors, room, rname, capacity, update_date, did) values (2, 35, 'White, Stiedemann and Hilpert', 39, '11/26/2019', 2);
	insert into MeetingRooms (floors, room, rname, capacity, update_date, did) values (1, 1, 'Armstrong-Kulas', 8, '4/27/2021', 20);
	insert into MeetingRooms (floors, room, rname, capacity, update_date, did) values (1, 2, 'Dooley Group', 4, '11/18/2020', 15);
	insert into MeetingRooms (floors, room, rname, capacity, update_date, did) values (1, 3, 'Langosh-Heller', 24, '12/15/2019', 19);
	insert into MeetingRooms (floors, room, rname, capacity, update_date, did) values (1, 4, 'Thiel, Considine and Jaskolski', 7, '10/6/2021', 8);
	insert into MeetingRooms (floors, room, rname, capacity, update_date, did) values (1, 5, 'Durgan, Ratke and Frami', 36, '4/17/2019', 9);
	insert into MeetingRooms (floors, room, rname, capacity, update_date, did) values (1, 6, 'Reynolds Group', 47, '9/15/2019', 3);
	insert into MeetingRooms (floors, room, rname, capacity, update_date, did) values (1, 7, 'Welch-Goldner', 30, '9/26/2021', 3);
	insert into MeetingRooms (floors, room, rname, capacity, update_date, did) values (1, 8, 'Hoppe-Terry', 3, '4/12/2020', 9);
	insert into MeetingRooms (floors, room, rname, capacity, update_date, did) values (1, 9, 'Fritsch, Paucek and Keeling', 7, '12/11/2020', 25);
	insert into MeetingRooms (floors, room, rname, capacity, update_date, did) values (1, 10, 'Mosciski Inc', 18, '5/30/2020', 6);
	insert into MeetingRooms (floors, room, rname, capacity, update_date, did) values (1, 11, 'Ferry-Homenick', 43, '9/5/2019', 3);
	insert into MeetingRooms (floors, room, rname, capacity, update_date, did) values (1, 12, 'Rohan-Beier', 14, '9/10/2021', 16);
	insert into MeetingRooms (floors, room, rname, capacity, update_date, did) values (1, 13, 'Abernathy, Terry and Franecki', 16, '4/9/2019', 6);
	insert into MeetingRooms (floors, room, rname, capacity, update_date, did) values (1, 14, 'Morar, Jast and Torp', 45, '7/3/2020', 19);
	insert into MeetingRooms (floors, room, rname, capacity, update_date, did) values (1, 15, 'Ondricka LLC', 18, '11/1/2020', 14);
	insert into MeetingRooms (floors, room, rname, capacity, update_date, did) values (1, 16, 'Greenfelder Group', 18, '1/17/2020', 25);
	insert into MeetingRooms (floors, room, rname, capacity, update_date, did) values (1, 17, 'Tromp, Gutkowski and Feest', 47, '9/9/2019', 7);
	insert into MeetingRooms (floors, room, rname, capacity, update_date, did) values (1, 18, 'Mertz Inc', 48, '4/28/2021', 19);
	insert into MeetingRooms (floors, room, rname, capacity, update_date, did) values (1, 19, 'Kessler LLC', 14, '4/30/2019', 16);
	insert into MeetingRooms (floors, room, rname, capacity, update_date, did) values (1, 20, 'Botsford-Zieme', 7, '8/2/2019', 21);
	insert into MeetingRooms (floors, room, rname, capacity, update_date, did) values (1, 21, 'Reinger-Bashirian', 28, '11/10/2019', 11);
	insert into MeetingRooms (floors, room, rname, capacity, update_date, did) values (1, 22, 'Ebert, Gusikowski and Wisoky', 10, '2/13/2019', 20);
	insert into MeetingRooms (floors, room, rname, capacity, update_date, did) values (1, 23, 'Gleason and Sons', 45, '5/4/2019', 2);
	insert into MeetingRooms (floors, room, rname, capacity, update_date, did) values (1, 24, 'Brekke LLC', 22, '8/29/2020', 20);
	insert into MeetingRooms (floors, room, rname, capacity, update_date, did) values (1, 25, 'Kunze-Schinner', 8, '6/15/2021', 25);
	insert into MeetingRooms (floors, room, rname, capacity, update_date, did) values (1, 26, 'Parisian, Torp and Kshlerin', 9, '8/27/2019', 4);
	insert into MeetingRooms (floors, room, rname, capacity, update_date, did) values (1, 27, 'Lemke LLC', 17, '1/26/2020', 21);
	insert into MeetingRooms (floors, room, rname, capacity, update_date, did) values (1, 28, 'Kozey Group', 8, '7/3/2020', 14);
	insert into MeetingRooms (floors, room, rname, capacity, update_date, did) values (1, 29, 'Morissette Inc', 32, '6/28/2019', 15);
	insert into MeetingRooms (floors, room, rname, capacity, update_date, did) values (1, 30, 'McKenzie, Gutkowski and Pfannerstill', 5, '3/9/2021', 14);
	insert into MeetingRooms (floors, room, rname, capacity, update_date, did) values (1, 31, 'Christiansen and Sons', 41, '10/19/2019', 25);
	insert into MeetingRooms (floors, room, rname, capacity, update_date, did) values (1, 32, 'Von Group', 40, '6/6/2020', 12);
	insert into MeetingRooms (floors, room, rname, capacity, update_date, did) values (1, 33, 'Reilly-Fadel', 47, '10/2/2019', 12);
	insert into MeetingRooms (floors, room, rname, capacity, update_date, did) values (1, 34, 'Kshlerin, Denesik and Bartoletti', 15, '11/21/2020', 18);
	insert into MeetingRooms (floors, room, rname, capacity, update_date, did) values (1, 35, 'Conn, Schinner and Kreiger', 31, '1/17/2021', 20);
	insert into MeetingRooms (floors, room, rname, capacity, update_date, did) values (4, 1, 'Gaylord-Leuschke', 46, '3/28/2020', 4);
	insert into MeetingRooms (floors, room, rname, capacity, update_date, did) values (4, 2, 'Kiehn Inc', 12, '5/27/2020', 6);
	insert into MeetingRooms (floors, room, rname, capacity, update_date, did) values (4, 3, 'Willms and Sons', 41, '5/30/2020', 2);
	insert into MeetingRooms (floors, room, rname, capacity, update_date, did) values (4, 4, 'Stehr, Olson and Carroll', 43, '7/15/2021', 24);
	insert into MeetingRooms (floors, room, rname, capacity, update_date, did) values (4, 5, 'Price-Ruecker', 29, '8/24/2021', 19);
	insert into MeetingRooms (floors, room, rname, capacity, update_date, did) values (4, 6, 'Jenkins Group', 49, '9/9/2020', 22);
	insert into MeetingRooms (floors, room, rname, capacity, update_date, did) values (4, 7, 'Adams-West', 49, '4/5/2020', 19);
	insert into MeetingRooms (floors, room, rname, capacity, update_date, did) values (4, 8, 'Jacobi-Ritchie', 42, '5/10/2021', 12);
	insert into MeetingRooms (floors, room, rname, capacity, update_date, did) values (4, 9, 'Braun-DuBuque', 37, '1/14/2020', 23);
	insert into MeetingRooms (floors, room, rname, capacity, update_date, did) values (4, 10, 'Ward-Conn', 47, '10/24/2021', 4);
	insert into MeetingRooms (floors, room, rname, capacity, update_date, did) values (4, 11, 'Nikolaus, McDermott and Rodriguez', 48, '5/7/2021', 5);
	insert into MeetingRooms (floors, room, rname, capacity, update_date, did) values (4, 12, 'Kiehn Group', 37, '3/29/2019', 3);
	insert into MeetingRooms (floors, room, rname, capacity, update_date, did) values (4, 13, 'Pouros, Torp and Goyette', 50, '7/20/2019', 13);
	insert into MeetingRooms (floors, room, rname, capacity, update_date, did) values (4, 14, 'Braun-Gaylord', 17, '11/2/2021', 15);
	insert into MeetingRooms (floors, room, rname, capacity, update_date, did) values (4, 15, 'Wisozk, Russel and Hackett', 13, '5/29/2020', 14);
	insert into MeetingRooms (floors, room, rname, capacity, update_date, did) values (4, 16, 'Rice Inc', 43, '6/20/2021', 20);
	insert into MeetingRooms (floors, room, rname, capacity, update_date, did) values (4, 17, 'Spinka Inc', 37, '4/6/2021', 23);
	insert into MeetingRooms (floors, room, rname, capacity, update_date, did) values (4, 18, 'Torp, Kulas and Rolfson', 4, '4/13/2020', 14);
	insert into MeetingRooms (floors, room, rname, capacity, update_date, did) values (4, 19, 'Cummerata, Gerhold and Kuhn', 6, '3/12/2021', 20);
	insert into MeetingRooms (floors, room, rname, capacity, update_date, did) values (4, 20, 'Weber-Grady', 21, '4/9/2019', 6);
	insert into MeetingRooms (floors, room, rname, capacity, update_date, did) values (4, 21, 'Skiles, Lind and Parker', 43, '8/16/2019', 13);
	insert into MeetingRooms (floors, room, rname, capacity, update_date, did) values (4, 22, 'Wyman, Wintheiser and Christiansen', 23, '1/15/2020', 23);
	insert into MeetingRooms (floors, room, rname, capacity, update_date, did) values (4, 23, 'Romaguera and Sons', 4, '4/8/2019', 21);
	insert into MeetingRooms (floors, room, rname, capacity, update_date, did) values (4, 24, 'Oberbrunner-Lemke', 29, '11/2/2020', 2);
	insert into MeetingRooms (floors, room, rname, capacity, update_date, did) values (4, 25, 'Feil, Senger and Fay', 49, '10/27/2021', 18);
	insert into MeetingRooms (floors, room, rname, capacity, update_date, did) values (4, 26, 'Prosacco-Walsh', 13, '11/5/2019', 17);
	insert into MeetingRooms (floors, room, rname, capacity, update_date, did) values (4, 27, 'Abbott-Hackett', 27, '12/10/2020', 23);
	insert into MeetingRooms (floors, room, rname, capacity, update_date, did) values (4, 28, 'Luettgen-Mante', 32, '2/16/2021', 16);
	insert into MeetingRooms (floors, room, rname, capacity, update_date, did) values (4, 29, 'Parisian, VonRueden and Williamson', 50, '10/3/2019', 24);
	insert into MeetingRooms (floors, room, rname, capacity, update_date, did) values (4, 30, 'Gerhold, Hegmann and Lueilwitz', 11, '8/15/2020', 17);
	insert into MeetingRooms (floors, room, rname, capacity, update_date, did) values (4, 31, 'Adams-Schmeler', 14, '6/5/2019', 11);
	insert into MeetingRooms (floors, room, rname, capacity, update_date, did) values (4, 32, 'Rogahn and Sons', 31, '8/1/2019', 17);
	insert into MeetingRooms (floors, room, rname, capacity, update_date, did) values (4, 33, 'Hansen LLC', 41, '11/3/2019', 8);
	insert into MeetingRooms (floors, room, rname, capacity, update_date, did) values (4, 34, 'Graham LLC', 9, '3/13/2019', 10);
	insert into MeetingRooms (floors, room, rname, capacity, update_date, did) values (4, 35, 'Medhurst-Lynch', 11, '3/24/2019', 6);
	insert into MeetingRooms (floors, room, rname, capacity, update_date, did) values (3, 1, 'Boyer, Hamill and Upton', 46, '8/26/2019', 3);
	insert into MeetingRooms (floors, room, rname, capacity, update_date, did) values (3, 2, 'Runolfsson Inc', 1, '12/18/2020', 14);
	insert into MeetingRooms (floors, room, rname, capacity, update_date, did) values (3, 3, 'Hamill LLC', 8, '8/9/2020', 18);
	insert into MeetingRooms (floors, room, rname, capacity, update_date, did) values (3, 4, 'Dickens Group', 42, '10/13/2020', 25);
	insert into MeetingRooms (floors, room, rname, capacity, update_date, did) values (3, 5, 'Stehr, Parisian and Rippin', 33, '2/26/2020', 12);
	insert into MeetingRooms (floors, room, rname, capacity, update_date, did) values (3, 6, 'Williamson, Hilll and Collins', 39, '10/27/2021', 24);
	insert into MeetingRooms (floors, room, rname, capacity, update_date, did) values (3, 7, 'Deckow-Kilback', 15, '8/28/2021', 7);
	insert into MeetingRooms (floors, room, rname, capacity, update_date, did) values (3, 8, 'Marks-Weimann', 3, '10/10/2020', 24);
	insert into MeetingRooms (floors, room, rname, capacity, update_date, did) values (3, 9, 'Grady LLC', 14, '1/19/2019', 23);
	insert into MeetingRooms (floors, room, rname, capacity, update_date, did) values (3, 10, 'Kuhic-McDermott', 30, '5/27/2021', 16);
	insert into MeetingRooms (floors, room, rname, capacity, update_date, did) values (3, 11, 'Smitham-Swaniawski', 12, '9/19/2019', 1);
	insert into MeetingRooms (floors, room, rname, capacity, update_date, did) values (3, 12, 'Runolfsdottir Group', 18, '5/6/2019', 17);
	insert into MeetingRooms (floors, room, rname, capacity, update_date, did) values (3, 13, 'Koch, Mohr and Nikolaus', 27, '8/5/2020', 3);
	insert into MeetingRooms (floors, room, rname, capacity, update_date, did) values (3, 14, 'Brown-Buckridge', 47, '9/8/2020', 22);
	insert into MeetingRooms (floors, room, rname, capacity, update_date, did) values (3, 15, 'Keebler Group', 44, '10/25/2021', 11);
	insert into MeetingRooms (floors, room, rname, capacity, update_date, did) values (3, 16, 'Stroman LLC', 9, '6/17/2019', 4);
	insert into MeetingRooms (floors, room, rname, capacity, update_date, did) values (3, 17, 'Dooley, Lockman and Stehr', 27, '12/16/2020', 11);
	insert into MeetingRooms (floors, room, rname, capacity, update_date, did) values (3, 18, 'Bruen, Dickens and Schulist', 33, '6/9/2021', 3);
	insert into MeetingRooms (floors, room, rname, capacity, update_date, did) values (3, 19, 'Streich Group', 35, '2/20/2020', 14);
	insert into MeetingRooms (floors, room, rname, capacity, update_date, did) values (3, 20, 'Mohr Group', 22, '6/7/2021', 5);
	insert into MeetingRooms (floors, room, rname, capacity, update_date, did) values (3, 21, 'Mann, Johnston and Beatty', 43, '3/28/2019', 14);
	insert into MeetingRooms (floors, room, rname, capacity, update_date, did) values (3, 22, 'Kassulke LLC', 2, '9/24/2019', 19);
	insert into MeetingRooms (floors, room, rname, capacity, update_date, did) values (3, 23, 'Robel Inc', 44, '7/25/2019', 23);
	insert into MeetingRooms (floors, room, rname, capacity, update_date, did) values (3, 24, 'Stoltenberg LLC', 1, '9/15/2019', 1);
	insert into MeetingRooms (floors, room, rname, capacity, update_date, did) values (3, 25, 'Torp and Sons', 10, '3/15/2019', 1);
	insert into MeetingRooms (floors, room, rname, capacity, update_date, did) values (3, 26, 'Legros-Pacocha', 45, '12/5/2020', 19);
	insert into MeetingRooms (floors, room, rname, capacity, update_date, did) values (3, 27, 'Romaguera LLC', 16, '8/3/2021', 18);
	insert into MeetingRooms (floors, room, rname, capacity, update_date, did) values (3, 28, 'Treutel Group', 5, '1/21/2020', 22);
	insert into MeetingRooms (floors, room, rname, capacity, update_date, did) values (3, 29, 'Hamill Inc', 4, '9/5/2019', 1);
	insert into MeetingRooms (floors, room, rname, capacity, update_date, did) values (3, 30, 'Bogisich and Sons', 49, '6/28/2020', 23);
	insert into MeetingRooms (floors, room, rname, capacity, update_date, did) values (3, 31, 'Corwin, Schroeder and Littel', 30, '11/27/2020', 10);
	insert into MeetingRooms (floors, room, rname, capacity, update_date, did) values (3, 32, 'Kshlerin, Fadel and Daniel', 44, '4/21/2020', 9);
	insert into MeetingRooms (floors, room, rname, capacity, update_date, did) values (3, 33, 'Hegmann-Gibson', 30, '10/6/2021', 5);
	insert into MeetingRooms (floors, room, rname, capacity, update_date, did) values (3, 34, 'Nicolas-Hammes', 48, '3/30/2020', 2);
	insert into MeetingRooms (floors, room, rname, capacity, update_date, did) values (3, 35, 'Blick Group', 36, '9/6/2019', 13);
	insert into MeetingRooms (floors, room, rname, capacity, update_date, did) values (5, 1, 'Welch-Dooley', 1, '8/20/2020', 23);
	insert into MeetingRooms (floors, room, rname, capacity, update_date, did) values (5, 2, 'Hauck, White and Emmerich', 15, '10/19/2019', 15);
	insert into MeetingRooms (floors, room, rname, capacity, update_date, did) values (5, 3, 'Schaden-Jerde', 3, '7/14/2021', 15);
	insert into MeetingRooms (floors, room, rname, capacity, update_date, did) values (5, 4, 'Brekke-Greenholt', 13, '10/13/2021', 14);
	insert into MeetingRooms (floors, room, rname, capacity, update_date, did) values (5, 5, 'Leuschke, Hartmann and Ernser', 40, '12/23/2020', 1);
	insert into MeetingRooms (floors, room, rname, capacity, update_date, did) values (5, 6, 'Christiansen Inc', 29, '3/4/2021', 11);
	insert into MeetingRooms (floors, room, rname, capacity, update_date, did) values (5, 7, 'Larkin and Sons', 26, '5/19/2021', 16);
	insert into MeetingRooms (floors, room, rname, capacity, update_date, did) values (5, 8, 'Greenfelder Group', 5, '10/21/2021', 6);
	insert into MeetingRooms (floors, room, rname, capacity, update_date, did) values (5, 9, 'Christiansen-Leffler', 41, '8/7/2019', 21);
	insert into MeetingRooms (floors, room, rname, capacity, update_date, did) values (5, 10, 'Blanda LLC', 26, '1/5/2019', 17);
	insert into MeetingRooms (floors, room, rname, capacity, update_date, did) values (5, 11, 'Bogisich-Farrell', 50, '6/5/2021', 10);
	insert into MeetingRooms (floors, room, rname, capacity, update_date, did) values (5, 12, 'Langworth-Ankunding', 6, '1/6/2020', 11);
	insert into MeetingRooms (floors, room, rname, capacity, update_date, did) values (5, 13, 'Murray, Cormier and Jacobs', 5, '10/29/2019', 12);
	insert into MeetingRooms (floors, room, rname, capacity, update_date, did) values (5, 14, 'Boyer Inc', 44, '2/10/2020', 18);
	insert into MeetingRooms (floors, room, rname, capacity, update_date, did) values (5, 15, 'Konopelski and Sons', 31, '10/18/2019', 13);
	insert into MeetingRooms (floors, room, rname, capacity, update_date, did) values (5, 16, 'Littel-Hickle', 40, '1/26/2020', 12);
	insert into MeetingRooms (floors, room, rname, capacity, update_date, did) values (5, 17, 'Schroeder and Sons', 43, '5/31/2021', 23);
	insert into MeetingRooms (floors, room, rname, capacity, update_date, did) values (5, 18, 'Marks-Lind', 15, '10/11/2020', 17);
	insert into MeetingRooms (floors, room, rname, capacity, update_date, did) values (5, 19, 'Lemke LLC', 37, '3/14/2021', 6);
	insert into MeetingRooms (floors, room, rname, capacity, update_date, did) values (5, 20, 'Schmitt-Schuster', 50, '8/29/2020', 3);
	insert into MeetingRooms (floors, room, rname, capacity, update_date, did) values (5, 21, 'Hammes, Cummings and Pfeffer', 47, '9/22/2021', 14);
	insert into MeetingRooms (floors, room, rname, capacity, update_date, did) values (5, 22, 'Wuckert Inc', 35, '8/12/2020', 16);
	insert into MeetingRooms (floors, room, rname, capacity, update_date, did) values (5, 23, 'Frami Inc', 3, '9/20/2019', 18);
	insert into MeetingRooms (floors, room, rname, capacity, update_date, did) values (5, 24, 'Stehr, Stark and Jenkins', 29, '3/27/2021', 20);
	insert into MeetingRooms (floors, room, rname, capacity, update_date, did) values (5, 25, 'Parker, Bailey and Windler', 21, '5/19/2020', 6);
	insert into MeetingRooms (floors, room, rname, capacity, update_date, did) values (5, 26, 'Quigley Inc', 26, '1/13/2019', 18);
	insert into MeetingRooms (floors, room, rname, capacity, update_date, did) values (5, 27, 'Cummerata-Cassin', 39, '3/29/2020', 16);
	insert into MeetingRooms (floors, room, rname, capacity, update_date, did) values (5, 28, 'Connelly, Ryan and Purdy', 45, '6/25/2021', 15);
	insert into MeetingRooms (floors, room, rname, capacity, update_date, did) values (5, 29, 'Swift, Marvin and Wehner', 50, '11/18/2020', 24);
	insert into MeetingRooms (floors, room, rname, capacity, update_date, did) values (5, 30, 'Bogisich, Pollich and D''Amore', 10, '7/20/2019', 25);
	insert into MeetingRooms (floors, room, rname, capacity, update_date, did) values (5, 31, 'Hoppe-Krajcik', 35, '1/26/2021', 24);
	insert into MeetingRooms (floors, room, rname, capacity, update_date, did) values (5, 32, 'Heidenreich-Beier', 48, '10/30/2020', 14);
	insert into MeetingRooms (floors, room, rname, capacity, update_date, did) values (5, 33, 'Schmitt-Veum', 24, '4/3/2019', 24);
	insert into MeetingRooms (floors, room, rname, capacity, update_date, did) values (5, 34, 'Anderson and Sons', 43, '7/6/2021', 9);
	insert into MeetingRooms (floors, room, rname, capacity, update_date, did) values (5, 35, 'Gutkowski Inc', 20, '10/3/2021', 25);
	insert into MeetingRooms (floors, room, rname, capacity, update_date, did) values (6, 1, 'Bogan Inc', 6, '7/21/2021', 14);
	insert into MeetingRooms (floors, room, rname, capacity, update_date, did) values (6, 2, 'Littel, Murphy and Oberbrunner', 43, '9/7/2021', 19);
	insert into MeetingRooms (floors, room, rname, capacity, update_date, did) values (6, 3, 'Parisian, McLaughlin and Hane', 29, '4/10/2019', 23);
	insert into MeetingRooms (floors, room, rname, capacity, update_date, did) values (6, 4, 'Kiehn-Erdman', 27, '3/7/2019', 12);
	insert into MeetingRooms (floors, room, rname, capacity, update_date, did) values (6, 5, 'Nikolaus-Reilly', 27, '9/2/2020', 22);
	insert into MeetingRooms (floors, room, rname, capacity, update_date, did) values (6, 6, 'Fisher, Rohan and Heidenreich', 8, '7/5/2020', 8);
	insert into MeetingRooms (floors, room, rname, capacity, update_date, did) values (6, 7, 'Zboncak, Rolfson and Wehner', 41, '10/4/2021', 15);
	insert into MeetingRooms (floors, room, rname, capacity, update_date, did) values (6, 8, 'Christiansen Inc', 43, '8/8/2019', 25);
	insert into MeetingRooms (floors, room, rname, capacity, update_date, did) values (6, 9, 'Jacobi, Abshire and Krajcik', 46, '1/8/2021', 12);
	insert into MeetingRooms (floors, room, rname, capacity, update_date, did) values (6, 10, 'Swaniawski-Lehner', 38, '5/30/2020', 15);
	insert into MeetingRooms (floors, room, rname, capacity, update_date, did) values (6, 11, 'Daugherty and Sons', 30, '8/1/2021', 1);
	insert into MeetingRooms (floors, room, rname, capacity, update_date, did) values (6, 12, 'Sanford and Sons', 30, '2/23/2021', 1);
	insert into MeetingRooms (floors, room, rname, capacity, update_date, did) values (6, 13, 'DuBuque, Torp and Bechtelar', 38, '12/13/2020', 16);
	insert into MeetingRooms (floors, room, rname, capacity, update_date, did) values (6, 14, 'Berge-Cronin', 49, '11/19/2019', 13);
	insert into MeetingRooms (floors, room, rname, capacity, update_date, did) values (6, 15, 'Beatty-O''Connell', 7, '4/12/2020', 19);
	insert into MeetingRooms (floors, room, rname, capacity, update_date, did) values (6, 16, 'Dietrich and Sons', 26, '8/28/2020', 19);
	insert into MeetingRooms (floors, room, rname, capacity, update_date, did) values (6, 17, 'Brakus-Heidenreich', 48, '10/5/2020', 6);
	insert into MeetingRooms (floors, room, rname, capacity, update_date, did) values (6, 18, 'Gutmann LLC', 38, '4/22/2020', 13);
	insert into MeetingRooms (floors, room, rname, capacity, update_date, did) values (6, 19, 'Greenholt-Donnelly', 35, '8/20/2019', 21);
	insert into MeetingRooms (floors, room, rname, capacity, update_date, did) values (6, 20, 'Sporer, McClure and Denesik', 36, '1/26/2020', 16);
	insert into MeetingRooms (floors, room, rname, capacity, update_date, did) values (6, 21, 'Greenfelder-Miller', 6, '6/24/2021', 10);
	insert into MeetingRooms (floors, room, rname, capacity, update_date, did) values (6, 22, 'Fay, McClure and Wolff', 35, '6/29/2019', 23);
	insert into MeetingRooms (floors, room, rname, capacity, update_date, did) values (6, 23, 'Dooley-Hammes', 31, '3/30/2020', 1);
	insert into MeetingRooms (floors, room, rname, capacity, update_date, did) values (6, 24, 'Emmerich and Sons', 3, '6/15/2021', 18);
	insert into MeetingRooms (floors, room, rname, capacity, update_date, did) values (6, 25, 'Marks, Towne and Bogisich', 20, '5/27/2021', 9);
	insert into MeetingRooms (floors, room, rname, capacity, update_date, did) values (6, 26, 'Sporer, Bergstrom and Rodriguez', 35, '12/20/2019', 3);
	insert into MeetingRooms (floors, room, rname, capacity, update_date, did) values (6, 27, 'Walker-Lang', 5, '4/1/2020', 12);
	insert into MeetingRooms (floors, room, rname, capacity, update_date, did) values (6, 28, 'Stehr Inc', 26, '4/27/2021', 4);
	insert into MeetingRooms (floors, room, rname, capacity, update_date, did) values (6, 29, 'Schulist-Balistreri', 2, '12/17/2020', 4);
	insert into MeetingRooms (floors, room, rname, capacity, update_date, did) values (6, 30, 'Champlin Inc', 39, '8/25/2020', 18);
	insert into MeetingRooms (floors, room, rname, capacity, update_date, did) values (6, 31, 'Jerde-Auer', 11, '8/29/2019', 15);
	insert into MeetingRooms (floors, room, rname, capacity, update_date, did) values (6, 32, 'Hand, Prosacco and Tromp', 50, '11/13/2019', 12);
	insert into MeetingRooms (floors, room, rname, capacity, update_date, did) values (6, 33, 'Rippin LLC', 19, '7/20/2019', 20);
	insert into MeetingRooms (floors, room, rname, capacity, update_date, did) values (6, 34, 'Bailey Group', 5, '7/20/2021', 15);
	insert into MeetingRooms (floors, room, rname, capacity, update_date, did) values (6, 35, 'Marks Group', 2, '3/4/2021', 11);
	insert into MeetingRooms (floors, room, rname, capacity, update_date, did) values (7, 1, 'Bogisich-Schmeler', 39, '1/8/2021', 22);
	insert into MeetingRooms (floors, room, rname, capacity, update_date, did) values (7, 2, 'Wolf, Stark and Hoeger', 31, '7/28/2021', 11);
	insert into MeetingRooms (floors, room, rname, capacity, update_date, did) values (7, 3, 'Murazik Group', 47, '3/2/2020', 1);
	insert into MeetingRooms (floors, room, rname, capacity, update_date, did) values (7, 4, 'Grant and Sons', 35, '4/8/2019', 18);
	insert into MeetingRooms (floors, room, rname, capacity, update_date, did) values (7, 5, 'Gleichner, Armstrong and Dibbert', 28, '3/30/2021', 2);
	insert into MeetingRooms (floors, room, rname, capacity, update_date, did) values (7, 6, 'Huel, Fay and Schamberger', 7, '5/3/2021', 15);
	insert into MeetingRooms (floors, room, rname, capacity, update_date, did) values (7, 7, 'Gerlach Group', 9, '12/1/2019', 21);
	insert into MeetingRooms (floors, room, rname, capacity, update_date, did) values (7, 8, 'Kutch, Ryan and O''Connell', 15, '4/22/2021', 20);
	insert into MeetingRooms (floors, room, rname, capacity, update_date, did) values (7, 9, 'Beer-Runolfsson', 27, '7/24/2020', 16);
	insert into MeetingRooms (floors, room, rname, capacity, update_date, did) values (7, 10, 'Cremin, Boyle and Dibbert', 11, '11/13/2019', 23);
	insert into MeetingRooms (floors, room, rname, capacity, update_date, did) values (7, 11, 'Hayes-Beer', 46, '5/3/2019', 12);
	insert into MeetingRooms (floors, room, rname, capacity, update_date, did) values (7, 12, 'Kertzmann Inc', 43, '5/30/2019', 2);
	insert into MeetingRooms (floors, room, rname, capacity, update_date, did) values (7, 13, 'Feil LLC', 39, '7/25/2019', 9);
	insert into MeetingRooms (floors, room, rname, capacity, update_date, did) values (7, 14, 'Wiegand, Schuppe and Botsford', 2, '12/27/2020', 18);
	insert into MeetingRooms (floors, room, rname, capacity, update_date, did) values (7, 15, 'Kirlin, Jaskolski and White', 5, '6/4/2020', 16);
	insert into MeetingRooms (floors, room, rname, capacity, update_date, did) values (7, 16, 'Hegmann-Weber', 25, '8/18/2021', 23);
	insert into MeetingRooms (floors, room, rname, capacity, update_date, did) values (7, 17, 'Kuphal, Padberg and Stracke', 38, '1/24/2019', 22);
	insert into MeetingRooms (floors, room, rname, capacity, update_date, did) values (7, 18, 'Volkman-Kutch', 29, '7/10/2020', 1);
	insert into MeetingRooms (floors, room, rname, capacity, update_date, did) values (7, 19, 'Wilkinson, Weimann and Hettinger', 15, '2/6/2021', 8);
	insert into MeetingRooms (floors, room, rname, capacity, update_date, did) values (7, 20, 'Denesik, Prohaska and Beahan', 40, '10/31/2020', 12);
	insert into MeetingRooms (floors, room, rname, capacity, update_date, did) values (7, 21, 'Reichert, Fadel and Vandervort', 27, '12/24/2020', 17);
	insert into MeetingRooms (floors, room, rname, capacity, update_date, did) values (7, 22, 'Aufderhar, Schimmel and Wilkinson', 18, '8/18/2020', 14);
	insert into MeetingRooms (floors, room, rname, capacity, update_date, did) values (7, 23, 'Grant-Shanahan', 1, '9/30/2019', 21);
	insert into MeetingRooms (floors, room, rname, capacity, update_date, did) values (7, 24, 'Ernser, Heller and Romaguera', 42, '7/5/2019', 8);
	insert into MeetingRooms (floors, room, rname, capacity, update_date, did) values (7, 25, 'Littel, Rau and Kovacek', 35, '4/8/2020', 13);
	insert into MeetingRooms (floors, room, rname, capacity, update_date, did) values (7, 26, 'Graham-Fahey', 13, '12/25/2019', 22);
	insert into MeetingRooms (floors, room, rname, capacity, update_date, did) values (7, 27, 'Homenick-Sanford', 25, '4/13/2019', 5);
	insert into MeetingRooms (floors, room, rname, capacity, update_date, did) values (7, 28, 'Volkman, Block and O''Keefe', 4, '6/9/2020', 7);
	insert into MeetingRooms (floors, room, rname, capacity, update_date, did) values (7, 29, 'Hayes, Flatley and Gutmann', 13, '1/20/2021', 6);
	insert into MeetingRooms (floors, room, rname, capacity, update_date, did) values (7, 30, 'Kulas Inc', 21, '9/24/2021', 18);
	insert into MeetingRooms (floors, room, rname, capacity, update_date, did) values (7, 31, 'Ratke-Bartoletti', 9, '7/16/2019', 16);
	insert into MeetingRooms (floors, room, rname, capacity, update_date, did) values (7, 32, 'Cronin, Kemmer and Bartoletti', 35, '7/5/2021', 20);
	insert into MeetingRooms (floors, room, rname, capacity, update_date, did) values (7, 33, 'Ondricka Inc', 42, '11/17/2019', 8);
	insert into MeetingRooms (floors, room, rname, capacity, update_date, did) values (7, 34, 'Tromp-Sipes', 12, '3/13/2020', 2);
	insert into MeetingRooms (floors, room, rname, capacity, update_date, did) values (7, 35, 'Lakin-Collins', 12, '8/4/2020', 1);
	insert into MeetingRooms (floors, room, rname, capacity, update_date, did) values (7, 1, 'Bogisich-Schmeler', 39, '1/8/2021', 22);
	insert into MeetingRooms (floors, room, rname, capacity, update_date, did) values (7, 2, 'Wolf, Stark and Hoeger', 31, '7/28/2021', 11);
	insert into MeetingRooms (floors, room, rname, capacity, update_date, did) values (7, 3, 'Murazik Group', 47, '3/2/2020', 1);
	insert into MeetingRooms (floors, room, rname, capacity, update_date, did) values (7, 4, 'Grant and Sons', 35, '4/8/2019', 18);
	insert into MeetingRooms (floors, room, rname, capacity, update_date, did) values (7, 5, 'Gleichner, Armstrong and Dibbert', 28, '3/30/2021', 2);
	insert into MeetingRooms (floors, room, rname, capacity, update_date, did) values (7, 6, 'Huel, Fay and Schamberger', 7, '5/3/2021', 15);
	insert into MeetingRooms (floors, room, rname, capacity, update_date, did) values (7, 7, 'Gerlach Group', 9, '12/1/2019', 21);
	insert into MeetingRooms (floors, room, rname, capacity, update_date, did) values (7, 8, 'Kutch, Ryan and O''Connell', 15, '4/22/2021', 20);
	insert into MeetingRooms (floors, room, rname, capacity, update_date, did) values (7, 9, 'Beer-Runolfsson', 27, '7/24/2020', 16);
	insert into MeetingRooms (floors, room, rname, capacity, update_date, did) values (7, 10, 'Cremin, Boyle and Dibbert', 11, '11/13/2019', 23);
	insert into MeetingRooms (floors, room, rname, capacity, update_date, did) values (7, 11, 'Hayes-Beer', 46, '5/3/2019', 12);
	insert into MeetingRooms (floors, room, rname, capacity, update_date, did) values (7, 12, 'Kertzmann Inc', 43, '5/30/2019', 2);
	insert into MeetingRooms (floors, room, rname, capacity, update_date, did) values (7, 13, 'Feil LLC', 39, '7/25/2019', 9);
	insert into MeetingRooms (floors, room, rname, capacity, update_date, did) values (7, 14, 'Wiegand, Schuppe and Botsford', 2, '12/27/2020', 18);
	insert into MeetingRooms (floors, room, rname, capacity, update_date, did) values (7, 15, 'Kirlin, Jaskolski and White', 5, '6/4/2020', 16);
	insert into MeetingRooms (floors, room, rname, capacity, update_date, did) values (7, 16, 'Hegmann-Weber', 25, '8/18/2021', 23);
	insert into MeetingRooms (floors, room, rname, capacity, update_date, did) values (7, 17, 'Kuphal, Padberg and Stracke', 38, '1/24/2019', 22);
	insert into MeetingRooms (floors, room, rname, capacity, update_date, did) values (7, 18, 'Volkman-Kutch', 29, '7/10/2020', 1);
	insert into MeetingRooms (floors, room, rname, capacity, update_date, did) values (7, 19, 'Wilkinson, Weimann and Hettinger', 15, '2/6/2021', 8);
	insert into MeetingRooms (floors, room, rname, capacity, update_date, did) values (7, 20, 'Denesik, Prohaska and Beahan', 40, '10/31/2020', 12);
	insert into MeetingRooms (floors, room, rname, capacity, update_date, did) values (7, 21, 'Reichert, Fadel and Vandervort', 27, '12/24/2020', 17);
	insert into MeetingRooms (floors, room, rname, capacity, update_date, did) values (7, 22, 'Aufderhar, Schimmel and Wilkinson', 18, '8/18/2020', 14);
	insert into MeetingRooms (floors, room, rname, capacity, update_date, did) values (7, 23, 'Grant-Shanahan', 1, '9/30/2019', 21);
	insert into MeetingRooms (floors, room, rname, capacity, update_date, did) values (7, 24, 'Ernser, Heller and Romaguera', 42, '7/5/2019', 8);
	insert into MeetingRooms (floors, room, rname, capacity, update_date, did) values (7, 25, 'Littel, Rau and Kovacek', 35, '4/8/2020', 13);
	insert into MeetingRooms (floors, room, rname, capacity, update_date, did) values (7, 26, 'Graham-Fahey', 13, '12/25/2019', 22);
	insert into MeetingRooms (floors, room, rname, capacity, update_date, did) values (7, 27, 'Homenick-Sanford', 25, '4/13/2019', 5);
	insert into MeetingRooms (floors, room, rname, capacity, update_date, did) values (7, 28, 'Volkman, Block and O''Keefe', 4, '6/9/2020', 7);
	insert into MeetingRooms (floors, room, rname, capacity, update_date, did) values (7, 29, 'Hayes, Flatley and Gutmann', 13, '1/20/2021', 6);
	insert into MeetingRooms (floors, room, rname, capacity, update_date, did) values (7, 30, 'Kulas Inc', 21, '9/24/2021', 18);
	insert into MeetingRooms (floors, room, rname, capacity, update_date, did) values (7, 31, 'Ratke-Bartoletti', 9, '7/16/2019', 16);
	insert into MeetingRooms (floors, room, rname, capacity, update_date, did) values (7, 32, 'Cronin, Kemmer and Bartoletti', 35, '7/5/2021', 20);
	insert into MeetingRooms (floors, room, rname, capacity, update_date, did) values (7, 33, 'Ondricka Inc', 42, '11/17/2019', 8);
	insert into MeetingRooms (floors, room, rname, capacity, update_date, did) values (7, 34, 'Tromp-Sipes', 12, '3/13/2020', 2);
	insert into MeetingRooms (floors, room, rname, capacity, update_date, did) values (7, 35, 'Lakin-Collins', 12, '8/4/2020', 1);
	insert into MeetingRooms (floors, room, rname, capacity, update_date, did) values (9, 1, 'Goyette LLC', 42, '10/20/2021', 3);
	insert into MeetingRooms (floors, room, rname, capacity, update_date, did) values (9, 2, 'Willms-Koepp', 10, '9/13/2021', 15);
	insert into MeetingRooms (floors, room, rname, capacity, update_date, did) values (9, 3, 'Kub, O''Kon and Barton', 11, '4/25/2019', 18);
	insert into MeetingRooms (floors, room, rname, capacity, update_date, did) values (9, 4, 'Hessel LLC', 18, '12/26/2019', 17);
	insert into MeetingRooms (floors, room, rname, capacity, update_date, did) values (9, 5, 'Beahan, Smith and Torp', 9, '8/3/2020', 1);
	insert into MeetingRooms (floors, room, rname, capacity, update_date, did) values (9, 6, 'Davis, Becker and Yost', 12, '10/1/2020', 13);
	insert into MeetingRooms (floors, room, rname, capacity, update_date, did) values (9, 7, 'Kris-Bechtelar', 13, '4/18/2021', 23);
	insert into MeetingRooms (floors, room, rname, capacity, update_date, did) values (9, 8, 'Orn, Dicki and Marquardt', 37, '11/9/2020', 8);
	insert into MeetingRooms (floors, room, rname, capacity, update_date, did) values (9, 9, 'Marks-Harvey', 30, '6/10/2021', 1);
	insert into MeetingRooms (floors, room, rname, capacity, update_date, did) values (9, 10, 'Lynch, Swaniawski and Romaguera', 21, '1/29/2021', 8);
	insert into MeetingRooms (floors, room, rname, capacity, update_date, did) values (9, 11, 'Kozey, Kemmer and Ratke', 26, '3/17/2020', 19);
	insert into MeetingRooms (floors, room, rname, capacity, update_date, did) values (9, 12, 'Senger Group', 31, '10/21/2019', 22);
	insert into MeetingRooms (floors, room, rname, capacity, update_date, did) values (9, 13, 'Hickle, Torphy and White', 36, '2/10/2021', 13);
	insert into MeetingRooms (floors, room, rname, capacity, update_date, did) values (9, 14, 'Casper Group', 19, '9/25/2019', 16);
	insert into MeetingRooms (floors, room, rname, capacity, update_date, did) values (9, 15, 'Armstrong Inc', 25, '11/21/2019', 9);
	insert into MeetingRooms (floors, room, rname, capacity, update_date, did) values (9, 16, 'Moen, Haley and Kuhlman', 39, '5/3/2020', 23);
	insert into MeetingRooms (floors, room, rname, capacity, update_date, did) values (9, 17, 'Konopelski-Dickinson', 28, '3/28/2021', 4);
	insert into MeetingRooms (floors, room, rname, capacity, update_date, did) values (9, 18, 'Baumbach Group', 2, '4/26/2020', 3);
	insert into MeetingRooms (floors, room, rname, capacity, update_date, did) values (9, 19, 'Klocko, D''Amore and Gusikowski', 35, '12/29/2019', 13);
	insert into MeetingRooms (floors, room, rname, capacity, update_date, did) values (9, 20, 'McGlynn Group', 4, '6/10/2021', 6);
	insert into MeetingRooms (floors, room, rname, capacity, update_date, did) values (9, 21, 'Grant, Ruecker and Roberts', 20, '4/30/2021', 25);
	insert into MeetingRooms (floors, room, rname, capacity, update_date, did) values (9, 22, 'Bosco and Sons', 27, '11/2/2019', 7);
	insert into MeetingRooms (floors, room, rname, capacity, update_date, did) values (9, 23, 'Kozey, Kessler and Keeling', 29, '12/21/2020', 12);
	insert into MeetingRooms (floors, room, rname, capacity, update_date, did) values (9, 24, 'Pfannerstill Group', 35, '12/26/2019', 12);
	insert into MeetingRooms (floors, room, rname, capacity, update_date, did) values (9, 25, 'Marks-Murazik', 1, '10/28/2021', 8);
	insert into MeetingRooms (floors, room, rname, capacity, update_date, did) values (9, 26, 'Durgan, Murazik and Torp', 15, '9/24/2021', 23);
	insert into MeetingRooms (floors, room, rname, capacity, update_date, did) values (9, 27, 'Reilly, Kihn and Stracke', 8, '5/9/2021', 22);
	insert into MeetingRooms (floors, room, rname, capacity, update_date, did) values (9, 28, 'Schiller LLC', 17, '7/15/2021', 16);
	insert into MeetingRooms (floors, room, rname, capacity, update_date, did) values (9, 29, 'Hilll, Weissnat and Osinski', 11, '1/4/2019', 3);
	insert into MeetingRooms (floors, room, rname, capacity, update_date, did) values (9, 30, 'Swaniawski-Grimes', 34, '1/18/2021', 19);
	insert into MeetingRooms (floors, room, rname, capacity, update_date, did) values (9, 31, 'Cummerata, Ankunding and Pacocha', 5, '10/15/2019', 6);
	insert into MeetingRooms (floors, room, rname, capacity, update_date, did) values (9, 32, 'McDermott-Pfeffer', 31, '5/11/2021', 14);
	insert into MeetingRooms (floors, room, rname, capacity, update_date, did) values (9, 33, 'Wisoky Inc', 23, '1/2/2019', 22);
	insert into MeetingRooms (floors, room, rname, capacity, update_date, did) values (9, 34, 'Larson Inc', 6, '11/22/2020', 25);
	insert into MeetingRooms (floors, room, rname, capacity, update_date, did) values (9, 35, 'Schumm, Kreiger and Altenwerth', 13, '1/13/2019', 15);

	insert into healthDeclaration (declareDate, temp, eid) values ('3/1/2020', 36.0, 364);
	insert into healthDeclaration (declareDate, temp, eid) values ('9/15/2021', 37.6, 131);
	insert into healthDeclaration (declareDate, temp, eid) values ('4/21/2020', 37.8, 225);
	insert into healthDeclaration (declareDate, temp, eid) values ('10/24/2020', 36.2, 380);
	insert into healthDeclaration (declareDate, temp, eid) values ('5/3/2021', 37.8, 400);
	insert into healthDeclaration (declareDate, temp, eid) values ('3/30/2020', 36.6, 389);
	insert into healthDeclaration (declareDate, temp, eid) values ('4/28/2021', 35.4, 104);
	insert into healthDeclaration (declareDate, temp, eid) values ('9/25/2021', 37.8, 6);
	insert into healthDeclaration (declareDate, temp, eid) values ('1/7/2021', 38.7, 366);
	insert into healthDeclaration (declareDate, temp, eid) values ('4/5/2021', 36.3, 97);
	insert into healthDeclaration (declareDate, temp, eid) values ('3/2/2020', 39.2, 96);
	insert into healthDeclaration (declareDate, temp, eid) values ('4/4/2020', 35.6, 31);
	insert into healthDeclaration (declareDate, temp, eid) values ('8/31/2021', 37.1, 231);
	insert into healthDeclaration (declareDate, temp, eid) values ('9/7/2021', 38.4, 334);
	insert into healthDeclaration (declareDate, temp, eid) values ('7/2/2021', 36.1, 389);
	insert into healthDeclaration (declareDate, temp, eid) values ('3/22/2020', 37.9, 159);
	insert into healthDeclaration (declareDate, temp, eid) values ('3/23/2021', 37.5, 178);
	insert into healthDeclaration (declareDate, temp, eid) values ('5/24/2020', 37.5, 297);
	insert into healthDeclaration (declareDate, temp, eid) values ('10/29/2020', 39.2, 196);
	insert into healthDeclaration (declareDate, temp, eid) values ('1/30/2021', 37.9, 289);
	insert into healthDeclaration (declareDate, temp, eid) values ('3/31/2021', 38.5, 331);
	insert into healthDeclaration (declareDate, temp, eid) values ('8/13/2020', 39.4, 228);
	insert into healthDeclaration (declareDate, temp, eid) values ('8/3/2021', 38.7, 368);
	insert into healthDeclaration (declareDate, temp, eid) values ('4/7/2020', 35.5, 352);
	insert into healthDeclaration (declareDate, temp, eid) values ('3/2/2020', 37.5, 76);
	insert into healthDeclaration (declareDate, temp, eid) values ('8/7/2020', 39.2, 165);
	insert into healthDeclaration (declareDate, temp, eid) values ('8/19/2020', 35.1, 182);
	insert into healthDeclaration (declareDate, temp, eid) values ('5/24/2020', 35.5, 67);
	insert into healthDeclaration (declareDate, temp, eid) values ('12/18/2020', 36.8, 313);
	insert into healthDeclaration (declareDate, temp, eid) values ('12/18/2020', 37.8, 260);
	insert into healthDeclaration (declareDate, temp, eid) values ('8/17/2021', 38.8, 284);
	insert into healthDeclaration (declareDate, temp, eid) values ('10/3/2020', 37.2, 115);
	insert into healthDeclaration (declareDate, temp, eid) values ('3/28/2021', 39.3, 85);
	insert into healthDeclaration (declareDate, temp, eid) values ('4/8/2020', 38.3, 74);
	insert into healthDeclaration (declareDate, temp, eid) values ('3/10/2020', 35.5, 53);
	insert into healthDeclaration (declareDate, temp, eid) values ('7/20/2020', 35.5, 9);
	insert into healthDeclaration (declareDate, temp, eid) values ('11/5/2020', 36.7, 371);
	insert into healthDeclaration (declareDate, temp, eid) values ('7/19/2020', 38.5, 25);
	insert into healthDeclaration (declareDate, temp, eid) values ('1/25/2020', 39.4, 357);
	insert into healthDeclaration (declareDate, temp, eid) values ('7/12/2020', 37.7, 244);
	insert into healthDeclaration (declareDate, temp, eid) values ('2/10/2021', 38.8, 76);
	insert into healthDeclaration (declareDate, temp, eid) values ('3/8/2020', 35.1, 63);
	insert into healthDeclaration (declareDate, temp, eid) values ('5/27/2020', 35.5, 380);
	insert into healthDeclaration (declareDate, temp, eid) values ('10/17/2021', 37.5, 24);
	insert into healthDeclaration (declareDate, temp, eid) values ('1/31/2020', 39.3, 195);
	insert into healthDeclaration (declareDate, temp, eid) values ('9/22/2020', 39.2, 393);
	insert into healthDeclaration (declareDate, temp, eid) values ('1/10/2020', 37.3, 183);
	insert into healthDeclaration (declareDate, temp, eid) values ('10/21/2021', 37.3, 285);
	insert into healthDeclaration (declareDate, temp, eid) values ('10/13/2020', 36.5, 228);
	insert into healthDeclaration (declareDate, temp, eid) values ('11/14/2020', 37.4, 204);
	insert into healthDeclaration (declareDate, temp, eid) values ('7/5/2020', 35.7, 294);
	insert into healthDeclaration (declareDate, temp, eid) values ('6/5/2020', 37.5, 87);
	insert into healthDeclaration (declareDate, temp, eid) values ('3/4/2021', 37.7, 104);
	insert into healthDeclaration (declareDate, temp, eid) values ('8/17/2020', 37.6, 75);
	insert into healthDeclaration (declareDate, temp, eid) values ('7/9/2021', 37.1, 122);
	insert into healthDeclaration (declareDate, temp, eid) values ('8/11/2020', 36.6, 71);
	insert into healthDeclaration (declareDate, temp, eid) values ('10/27/2021', 36.2, 141);
	insert into healthDeclaration (declareDate, temp, eid) values ('9/3/2021', 39.7, 149);
	insert into healthDeclaration (declareDate, temp, eid) values ('7/4/2020', 38.0, 266);
	insert into healthDeclaration (declareDate, temp, eid) values ('9/8/2020', 39.1, 103);
	insert into healthDeclaration (declareDate, temp, eid) values ('1/26/2020', 36.7, 108);
	insert into healthDeclaration (declareDate, temp, eid) values ('4/9/2021', 36.6, 256);
	insert into healthDeclaration (declareDate, temp, eid) values ('4/27/2020', 36.5, 267);
	insert into healthDeclaration (declareDate, temp, eid) values ('8/15/2020', 38.8, 367);
	insert into healthDeclaration (declareDate, temp, eid) values ('4/7/2020', 35.4, 146);
	insert into healthDeclaration (declareDate, temp, eid) values ('8/31/2021', 35.6, 53);
	insert into healthDeclaration (declareDate, temp, eid) values ('4/21/2020', 36.7, 366);
	insert into healthDeclaration (declareDate, temp, eid) values ('7/1/2020', 38.8, 132);
	insert into healthDeclaration (declareDate, temp, eid) values ('2/15/2020', 35.8, 29);
	insert into healthDeclaration (declareDate, temp, eid) values ('3/14/2021', 39.1, 45);
	insert into healthDeclaration (declareDate, temp, eid) values ('6/10/2021', 39.3, 87);
	insert into healthDeclaration (declareDate, temp, eid) values ('12/4/2020', 38.0, 119);
	insert into healthDeclaration (declareDate, temp, eid) values ('10/30/2021', 39.5, 355);
	insert into healthDeclaration (declareDate, temp, eid) values ('9/25/2021', 39.9, 207);
	insert into healthDeclaration (declareDate, temp, eid) values ('6/4/2020', 39.5, 226);
	insert into healthDeclaration (declareDate, temp, eid) values ('3/26/2021', 37.8, 66);
	insert into healthDeclaration (declareDate, temp, eid) values ('5/19/2021', 38.5, 283);
	insert into healthDeclaration (declareDate, temp, eid) values ('4/27/2020', 38.5, 31);
	insert into healthDeclaration (declareDate, temp, eid) values ('5/6/2020', 39.9, 311);
	insert into healthDeclaration (declareDate, temp, eid) values ('5/3/2021', 36.5, 84);
	insert into healthDeclaration (declareDate, temp, eid) values ('12/10/2020', 39.2, 76);
	insert into healthDeclaration (declareDate, temp, eid) values ('7/30/2020', 37.8, 386);
	insert into healthDeclaration (declareDate, temp, eid) values ('10/3/2021', 37.4, 227);
	insert into healthDeclaration (declareDate, temp, eid) values ('6/10/2020', 38.9, 207);
	insert into healthDeclaration (declareDate, temp, eid) values ('4/20/2021', 36.5, 74);
	insert into healthDeclaration (declareDate, temp, eid) values ('8/2/2020', 36.1, 197);
	insert into healthDeclaration (declareDate, temp, eid) values ('7/21/2021', 37.4, 204);
	insert into healthDeclaration (declareDate, temp, eid) values ('8/2/2021', 38.4, 2);
	insert into healthDeclaration (declareDate, temp, eid) values ('11/20/2020', 36.1, 173);
	insert into healthDeclaration (declareDate, temp, eid) values ('7/21/2021', 38.0, 84);
	insert into healthDeclaration (declareDate, temp, eid) values ('8/14/2020', 35.3, 260);
	insert into healthDeclaration (declareDate, temp, eid) values ('9/11/2021', 35.7, 335);
	insert into healthDeclaration (declareDate, temp, eid) values ('1/9/2021', 39.9, 33);
	insert into healthDeclaration (declareDate, temp, eid) values ('9/29/2020', 39.4, 370);
	insert into healthDeclaration (declareDate, temp, eid) values ('12/15/2020', 35.5, 288);
	insert into healthDeclaration (declareDate, temp, eid) values ('1/18/2020', 35.3, 13);
	insert into healthDeclaration (declareDate, temp, eid) values ('3/21/2020', 37.8, 76);
	insert into healthDeclaration (declareDate, temp, eid) values ('8/21/2020', 39.7, 274);
	insert into healthDeclaration (declareDate, temp, eid) values ('11/13/2020', 39.8, 153);
	insert into healthDeclaration (declareDate, temp, eid) values ('4/2/2020', 35.4, 94);

	insert into Sessions (session_date, session_time, session_floor, session_room, participant_id, booker_id, is_approved, approver_id) values ('6/26/2020', 6, 6, 9, 359, 367, null, 143);
	insert into Sessions (session_date, session_time, session_floor, session_room, participant_id, booker_id, is_approved, approver_id) values ('12/28/2022', 11, 3, 14, 383, 56, false, 30);
	insert into Sessions (session_date, session_time, session_floor, session_room, participant_id, booker_id, is_approved, approver_id) values ('10/5/2021', 23, 10, 13, 73, 378, true, 288);
	insert into Sessions (session_date, session_time, session_floor, session_room, participant_id, booker_id, is_approved, approver_id) values ('2/19/2022', 20, 3, 13, 48, 12, null, 102);
	insert into Sessions (session_date, session_time, session_floor, session_room, participant_id, booker_id, is_approved, approver_id) values ('11/11/2022', 14, 6, 18, 222, 9, false, 83);
	insert into Sessions (session_date, session_time, session_floor, session_room, participant_id, booker_id, is_approved, approver_id) values ('5/16/2020', 14, 7, 30, 14, 248, null, 160);
	insert into Sessions (session_date, session_time, session_floor, session_room, participant_id, booker_id, is_approved, approver_id) values ('12/4/2022', 6, 10, 4, 320, 281, null, 206);
	insert into Sessions (session_date, session_time, session_floor, session_room, participant_id, booker_id, is_approved, approver_id) values ('9/9/2020', 13, 8, 34, 308, 108, null, 370);
	insert into Sessions (session_date, session_time, session_floor, session_room, participant_id, booker_id, is_approved, approver_id) values ('7/2/2022', 21, 6, 26, 148, 60, null, 158);
	insert into Sessions (session_date, session_time, session_floor, session_room, participant_id, booker_id, is_approved, approver_id) values ('10/8/2021', 0, 3, 31, 113, 349, null, 141);
	insert into Sessions (session_date, session_time, session_floor, session_room, participant_id, booker_id, is_approved, approver_id) values ('10/21/2022', 9, 2, 30, 313, 382, null, 58);
	insert into Sessions (session_date, session_time, session_floor, session_room, participant_id, booker_id, is_approved, approver_id) values ('2/5/2020', 15, 4, 27, 180, 291, null, 51);
	insert into Sessions (session_date, session_time, session_floor, session_room, participant_id, booker_id, is_approved, approver_id) values ('7/28/2020', 22, 1, 8, 330, 74, null, 59);
	insert into Sessions (session_date, session_time, session_floor, session_room, participant_id, booker_id, is_approved, approver_id) values ('1/28/2021', 5, 10, 34, 55, 2, null, 304);
	insert into Sessions (session_date, session_time, session_floor, session_room, participant_id, booker_id, is_approved, approver_id) values ('11/15/2022', 4, 3, 13, 105, 396, null, 325);
	insert into Sessions (session_date, session_time, session_floor, session_room, participant_id, booker_id, is_approved, approver_id) values ('10/15/2022', 6, 8, 9, 94, 143, false, 275);
	insert into Sessions (session_date, session_time, session_floor, session_room, participant_id, booker_id, is_approved, approver_id) values ('5/18/2022', 18, 6, 3, 160, 360, null, 195);
	insert into Sessions (session_date, session_time, session_floor, session_room, participant_id, booker_id, is_approved, approver_id) values ('2/10/2021', 0, 6, 26, 41, 308, null, 7);
	insert into Sessions (session_date, session_time, session_floor, session_room, participant_id, booker_id, is_approved, approver_id) values ('8/21/2020', 5, 5, 3, 45, 270, null, 304);
	insert into Sessions (session_date, session_time, session_floor, session_room, participant_id, booker_id, is_approved, approver_id) values ('11/21/2021', 2, 7, 3, 202, 364, null, 35);
	insert into Sessions (session_date, session_time, session_floor, session_room, participant_id, booker_id, is_approved, approver_id) values ('2/5/2020', 22, 3, 10, 339, 293, true, 126);
	insert into Sessions (session_date, session_time, session_floor, session_room, participant_id, booker_id, is_approved, approver_id) values ('3/28/2020', 11, 5, 6, 198, 320, null, 83);
	insert into Sessions (session_date, session_time, session_floor, session_room, participant_id, booker_id, is_approved, approver_id) values ('11/20/2022', 9, 6, 14, 284, 398, true, 125);
	insert into Sessions (session_date, session_time, session_floor, session_room, participant_id, booker_id, is_approved, approver_id) values ('6/19/2021', 23, 8, 23, 310, 97, null, 277);
	insert into Sessions (session_date, session_time, session_floor, session_room, participant_id, booker_id, is_approved, approver_id) values ('8/25/2021', 17, 10, 18, 77, 161, true, 205);
	insert into Sessions (session_date, session_time, session_floor, session_room, participant_id, booker_id, is_approved, approver_id) values ('2/4/2021', 16, 10, 17, 353, 311, null, 272);
	insert into Sessions (session_date, session_time, session_floor, session_room, participant_id, booker_id, is_approved, approver_id) values ('7/14/2020', 21, 4, 18, 83, 270, true, 209);
	insert into Sessions (session_date, session_time, session_floor, session_room, participant_id, booker_id, is_approved, approver_id) values ('3/24/2021', 3, 2, 16, 173, 351, false, 210);
	insert into Sessions (session_date, session_time, session_floor, session_room, participant_id, booker_id, is_approved, approver_id) values ('2/9/2020', 22, 2, 30, 59, 332, false, 78);
	insert into Sessions (session_date, session_time, session_floor, session_room, participant_id, booker_id, is_approved, approver_id) values ('5/1/2021', 20, 8, 1, 265, 209, null, 11);
	insert into Sessions (session_date, session_time, session_floor, session_room, participant_id, booker_id, is_approved, approver_id) values ('8/7/2022', 23, 1, 34, 398, 262, null, 24);
	insert into Sessions (session_date, session_time, session_floor, session_room, participant_id, booker_id, is_approved, approver_id) values ('2/27/2022', 5, 9, 8, 30, 235, false, 117);
	insert into Sessions (session_date, session_time, session_floor, session_room, participant_id, booker_id, is_approved, approver_id) values ('9/21/2020', 18, 9, 30, 26, 12, null, 197);
	insert into Sessions (session_date, session_time, session_floor, session_room, participant_id, booker_id, is_approved, approver_id) values ('9/30/2022', 1, 1, 31, 90, 114, null, 104);
	insert into Sessions (session_date, session_time, session_floor, session_room, participant_id, booker_id, is_approved, approver_id) values ('8/3/2020', 19, 3, 19, 230, 25, true, 389);
	insert into Sessions (session_date, session_time, session_floor, session_room, participant_id, booker_id, is_approved, approver_id) values ('1/20/2022', 11, 4, 23, 150, 119, null, 253);
	insert into Sessions (session_date, session_time, session_floor, session_room, participant_id, booker_id, is_approved, approver_id) values ('10/31/2021', 15, 4, 11, 132, 330, false, 18);
	insert into Sessions (session_date, session_time, session_floor, session_room, participant_id, booker_id, is_approved, approver_id) values ('7/23/2022', 22, 9, 5, 311, 157, null, 52);
	insert into Sessions (session_date, session_time, session_floor, session_room, participant_id, booker_id, is_approved, approver_id) values ('8/25/2020', 20, 10, 10, 178, 349, true, 389);
	insert into Sessions (session_date, session_time, session_floor, session_room, participant_id, booker_id, is_approved, approver_id) values ('4/4/2022', 5, 5, 11, 113, 90, false, 159);
	insert into Sessions (session_date, session_time, session_floor, session_room, participant_id, booker_id, is_approved, approver_id) values ('3/6/2020', 17, 1, 28, 34, 66, true, 77);
	insert into Sessions (session_date, session_time, session_floor, session_room, participant_id, booker_id, is_approved, approver_id) values ('9/1/2020', 7, 7, 12, 176, 41, null, 354);
	insert into Sessions (session_date, session_time, session_floor, session_room, participant_id, booker_id, is_approved, approver_id) values ('2/17/2022', 8, 8, 26, 122, 212, null, 278);
	insert into Sessions (session_date, session_time, session_floor, session_room, participant_id, booker_id, is_approved, approver_id) values ('5/1/2020', 0, 3, 22, 379, 41, null, 322);
	insert into Sessions (session_date, session_time, session_floor, session_room, participant_id, booker_id, is_approved, approver_id) values ('6/22/2022', 2, 3, 22, 236, 188, null, 273);
	insert into Sessions (session_date, session_time, session_floor, session_room, participant_id, booker_id, is_approved, approver_id) values ('8/8/2021', 0, 7, 5, 166, 288, false, 172);
	insert into Sessions (session_date, session_time, session_floor, session_room, participant_id, booker_id, is_approved, approver_id) values ('7/17/2022', 4, 1, 33, 318, 132, false, 289);
	insert into Sessions (session_date, session_time, session_floor, session_room, participant_id, booker_id, is_approved, approver_id) values ('7/7/2021', 17, 7, 1, 397, 23, null, 336);
	insert into Sessions (session_date, session_time, session_floor, session_room, participant_id, booker_id, is_approved, approver_id) values ('6/22/2021', 8, 7, 30, 186, 16, null, 331);
	insert into Sessions (session_date, session_time, session_floor, session_room, participant_id, booker_id, is_approved, approver_id) values ('4/4/2020', 17, 4, 31, 374, 161, null, 259);
	insert into Sessions (session_date, session_time, session_floor, session_room, participant_id, booker_id, is_approved, approver_id) values ('4/17/2020', 5, 3, 8, 96, 63, true, 29);
	insert into Sessions (session_date, session_time, session_floor, session_room, participant_id, booker_id, is_approved, approver_id) values ('8/26/2020', 18, 7, 21, 90, 254, false, 162);
	insert into Sessions (session_date, session_time, session_floor, session_room, participant_id, booker_id, is_approved, approver_id) values ('6/23/2020', 1, 4, 14, 211, 391, null, 350);
	insert into Sessions (session_date, session_time, session_floor, session_room, participant_id, booker_id, is_approved, approver_id) values ('5/17/2022', 22, 4, 18, 91, 228, true, 253);
	insert into Sessions (session_date, session_time, session_floor, session_room, participant_id, booker_id, is_approved, approver_id) values ('5/13/2022', 15, 8, 17, 134, 397, null, 336);
	insert into Sessions (session_date, session_time, session_floor, session_room, participant_id, booker_id, is_approved, approver_id) values ('9/23/2021', 3, 7, 23, 298, 369, null, 224);
	insert into Sessions (session_date, session_time, session_floor, session_room, participant_id, booker_id, is_approved, approver_id) values ('7/5/2021', 21, 8, 28, 67, 291, true, 2);
	insert into Sessions (session_date, session_time, session_floor, session_room, participant_id, booker_id, is_approved, approver_id) values ('6/27/2022', 2, 8, 30, 207, 246, null, 151);
	insert into Sessions (session_date, session_time, session_floor, session_room, participant_id, booker_id, is_approved, approver_id) values ('12/25/2022', 18, 5, 4, 393, 394, null, 217);
	insert into Sessions (session_date, session_time, session_floor, session_room, participant_id, booker_id, is_approved, approver_id) values ('4/25/2020', 11, 3, 17, 278, 156, true, 227);
	insert into Sessions (session_date, session_time, session_floor, session_room, participant_id, booker_id, is_approved, approver_id) values ('10/14/2021', 3, 4, 14, 205, 328, false, 211);
	insert into Sessions (session_date, session_time, session_floor, session_room, participant_id, booker_id, is_approved, approver_id) values ('6/5/2022', 18, 6, 11, 216, 110, null, 352);
	insert into Sessions (session_date, session_time, session_floor, session_room, participant_id, booker_id, is_approved, approver_id) values ('11/26/2021', 15, 6, 24, 42, 10, false, 122);
	insert into Sessions (session_date, session_time, session_floor, session_room, participant_id, booker_id, is_approved, approver_id) values ('6/15/2022', 10, 3, 16, 223, 353, null, 123);
	insert into Sessions (session_date, session_time, session_floor, session_room, participant_id, booker_id, is_approved, approver_id) values ('11/8/2021', 0, 9, 31, 251, 140, true, 45);
	insert into Sessions (session_date, session_time, session_floor, session_room, participant_id, booker_id, is_approved, approver_id) values ('10/4/2022', 23, 8, 1, 138, 80, true, 138);
	insert into Sessions (session_date, session_time, session_floor, session_room, participant_id, booker_id, is_approved, approver_id) values ('1/14/2021', 10, 9, 4, 326, 288, null, 331);
	insert into Sessions (session_date, session_time, session_floor, session_room, participant_id, booker_id, is_approved, approver_id) values ('2/21/2021', 5, 9, 25, 154, 199, false, 37);
	insert into Sessions (session_date, session_time, session_floor, session_room, participant_id, booker_id, is_approved, approver_id) values ('4/25/2022', 20, 7, 34, 378, 187, null, 29);
	insert into Sessions (session_date, session_time, session_floor, session_room, participant_id, booker_id, is_approved, approver_id) values ('1/22/2020', 19, 4, 8, 250, 55, null, 248);
	insert into Sessions (session_date, session_time, session_floor, session_room, participant_id, booker_id, is_approved, approver_id) values ('1/10/2020', 0, 6, 6, 271, 368, null, 312);
	insert into Sessions (session_date, session_time, session_floor, session_room, participant_id, booker_id, is_approved, approver_id) values ('4/13/2020', 13, 9, 27, 269, 82, null, 152);
	insert into Sessions (session_date, session_time, session_floor, session_room, participant_id, booker_id, is_approved, approver_id) values ('12/23/2022', 12, 5, 15, 269, 85, null, 151);
	insert into Sessions (session_date, session_time, session_floor, session_room, participant_id, booker_id, is_approved, approver_id) values ('3/22/2022', 19, 6, 30, 160, 368, false, 143);
	insert into Sessions (session_date, session_time, session_floor, session_room, participant_id, booker_id, is_approved, approver_id) values ('5/5/2020', 3, 1, 9, 379, 181, false, 15);
	insert into Sessions (session_date, session_time, session_floor, session_room, participant_id, booker_id, is_approved, approver_id) values ('1/4/2022', 19, 4, 13, 139, 1, true, 335);
	insert into Sessions (session_date, session_time, session_floor, session_room, participant_id, booker_id, is_approved, approver_id) values ('6/2/2020', 20, 9, 11, 117, 82, null, 15);
	insert into Sessions (session_date, session_time, session_floor, session_room, participant_id, booker_id, is_approved, approver_id) values ('8/30/2022', 0, 6, 19, 217, 225, null, 389);
	insert into Sessions (session_date, session_time, session_floor, session_room, participant_id, booker_id, is_approved, approver_id) values ('3/26/2021', 17, 7, 6, 12, 269, null, 275);
	insert into Sessions (session_date, session_time, session_floor, session_room, participant_id, booker_id, is_approved, approver_id) values ('9/28/2020', 23, 6, 20, 78, 237, null, 110);
	insert into Sessions (session_date, session_time, session_floor, session_room, participant_id, booker_id, is_approved, approver_id) values ('7/2/2020', 8, 5, 7, 150, 72, false, 46);
	insert into Sessions (session_date, session_time, session_floor, session_room, participant_id, booker_id, is_approved, approver_id) values ('4/18/2022', 9, 8, 10, 205, 189, null, 308);
	insert into Sessions (session_date, session_time, session_floor, session_room, participant_id, booker_id, is_approved, approver_id) values ('2/28/2021', 6, 1, 20, 389, 27, true, 7);
	insert into Sessions (session_date, session_time, session_floor, session_room, participant_id, booker_id, is_approved, approver_id) values ('8/3/2022', 0, 9, 23, 21, 253, false, 140);
	insert into Sessions (session_date, session_time, session_floor, session_room, participant_id, booker_id, is_approved, approver_id) values ('7/24/2021', 15, 4, 15, 285, 379, true, 108);
	insert into Sessions (session_date, session_time, session_floor, session_room, participant_id, booker_id, is_approved, approver_id) values ('11/13/2021', 5, 2, 20, 210, 230, true, 145);
	insert into Sessions (session_date, session_time, session_floor, session_room, participant_id, booker_id, is_approved, approver_id) values ('7/4/2022', 22, 10, 18, 268, 125, null, 64);
	insert into Sessions (session_date, session_time, session_floor, session_room, participant_id, booker_id, is_approved, approver_id) values ('10/19/2020', 22, 8, 35, 400, 61, true, 116);
	insert into Sessions (session_date, session_time, session_floor, session_room, participant_id, booker_id, is_approved, approver_id) values ('12/25/2022', 11, 10, 7, 91, 352, false, 341);
	insert into Sessions (session_date, session_time, session_floor, session_room, participant_id, booker_id, is_approved, approver_id) values ('12/7/2022', 23, 5, 2, 8, 49, true, 145);
	insert into Sessions (session_date, session_time, session_floor, session_room, participant_id, booker_id, is_approved, approver_id) values ('9/25/2020', 2, 3, 12, 21, 152, null, 190);
	insert into Sessions (session_date, session_time, session_floor, session_room, participant_id, booker_id, is_approved, approver_id) values ('1/8/2022', 3, 5, 32, 199, 38, null, 52);
	insert into Sessions (session_date, session_time, session_floor, session_room, participant_id, booker_id, is_approved, approver_id) values ('12/14/2022', 12, 5, 19, 7, 334, true, 307);
	insert into Sessions (session_date, session_time, session_floor, session_room, participant_id, booker_id, is_approved, approver_id) values ('4/4/2020', 12, 9, 32, 286, 352, null, 61);
	insert into Sessions (session_date, session_time, session_floor, session_room, participant_id, booker_id, is_approved, approver_id) values ('7/28/2022', 8, 5, 31, 165, 381, null, 62);
	insert into Sessions (session_date, session_time, session_floor, session_room, participant_id, booker_id, is_approved, approver_id) values ('8/8/2021', 3, 2, 34, 282, 198, null, 7);
	insert into Sessions (session_date, session_time, session_floor, session_room, participant_id, booker_id, is_approved, approver_id) values ('10/19/2021', 6, 10, 10, 85, 397, false, 101);
	insert into Sessions (session_date, session_time, session_floor, session_room, participant_id, booker_id, is_approved, approver_id) values ('5/8/2021', 6, 10, 30, 236, 129, false, 136);
	insert into Sessions (session_date, session_time, session_floor, session_room, participant_id, booker_id, is_approved, approver_id) values ('5/6/2022', 13, 1, 31, 187, 30, null, 133);
	insert into Sessions (session_date, session_time, session_floor, session_room, participant_id, booker_id, is_approved, approver_id) values ('6/12/2022', 13, 10, 33, 37, 354, true, 65);

	insert into Updates (dates, new_cap, floors, room, eid) values ('3/17/2022', 1, 1, 23, 7);
	insert into Updates (dates, new_cap, floors, room, eid) values ('12/4/2021', 1, 3, 17, 263);
	insert into Updates (dates, new_cap, floors, room, eid) values ('3/17/2022', 3, 8, 6, 312);
	insert into Updates (dates, new_cap, floors, room, eid) values ('8/22/2022', 7, 9, 25, 196);
	insert into Updates (dates, new_cap, floors, room, eid) values ('7/22/2022', 8, 9, 5, 187);
	insert into Updates (dates, new_cap, floors, room, eid) values ('8/3/2022', 7, 2, 20, 5);
	insert into Updates (dates, new_cap, floors, room, eid) values ('1/15/2022', 1, 2, 24, 117);
	insert into Updates (dates, new_cap, floors, room, eid) values ('12/13/2021', 4, 3, 3, 87);
	insert into Updates (dates, new_cap, floors, room, eid) values ('1/21/2022', 9, 7, 6, 334);
	insert into Updates (dates, new_cap, floors, room, eid) values ('2/15/2022', 8, 4, 35, 67);
	insert into Updates (dates, new_cap, floors, room, eid) values ('5/30/2022', 6, 1, 27, 23);
	insert into Updates (dates, new_cap, floors, room, eid) values ('11/16/2021', 3, 4, 32, 134);
	insert into Updates (dates, new_cap, floors, room, eid) values ('8/28/2022', 8, 3, 15, 107);
	insert into Updates (dates, new_cap, floors, room, eid) values ('4/9/2022', 7, 4, 35, 358);
	insert into Updates (dates, new_cap, floors, room, eid) values ('12/23/2021', 3, 9, 35, 55);
	insert into Updates (dates, new_cap, floors, room, eid) values ('5/22/2022', 6, 7, 7, 292);
	insert into Updates (dates, new_cap, floors, room, eid) values ('1/12/2022', 2, 4, 33, 134);
	insert into Updates (dates, new_cap, floors, room, eid) values ('7/11/2022', 9, 3, 2, 124);
	insert into Updates (dates, new_cap, floors, room, eid) values ('5/17/2022', 7, 2, 27, 302);
	insert into Updates (dates, new_cap, floors, room, eid) values ('4/28/2022', 1, 9, 31, 141);
