CREATE OR REPLACE PROCEDURE initiate_db() AS $$
BEGIN
	CALL ini_department();
	CALL ini_employee();
	CALL ini_rooms();
	CALL ini_healthrecord();
	CALL ini_sessions();
END;
$$ LANGUAGE sql;

CREATE OR REPLACE PROCEDURE test_basic_function() AS $$
BEGIN	
END;
$$ LANGUAGE sql;

CREATE OR REPLACE PROCEDURE test_function() AS $$
BEGIN	
END;
$$ LANGUAGE sql;

CREATE OR REPLACE PROCEDURE ini_department() AS $$
BEGIN
	insert into Departments (did, dname) values (1, 'Training');
	insert into Departments (did, dname) values (2, 'Human Resources');
	insert into Departments (did, dname) values (3, 'Engineering');
	insert into Departments (did, dname) values (4, 'Product Management');
	insert into Departments (did, dname) values (5, 'Training');
	insert into Departments (did, dname) values (6, 'Training');
	insert into Departments (did, dname) values (7, 'Research and Development');
	insert into Departments (did, dname) values (8, 'Support');
	insert into Departments (did, dname) values (9, 'Services');
	insert into Departments (did, dname) values (10, 'Legal');
	insert into Departments (did, dname) values (11, 'Legal');
	insert into Departments (did, dname) values (12, 'Engineering');
	insert into Departments (did, dname) values (13, 'Sales');
	insert into Departments (did, dname) values (14, 'Support');
	insert into Departments (did, dname) values (15, 'Business Development');
	insert into Departments (did, dname) values (16, 'Legal');
	insert into Departments (did, dname) values (17, 'Research and Development');
	insert into Departments (did, dname) values (18, 'Research and Development');
	insert into Departments (did, dname) values (19, 'Training');
	insert into Departments (did, dname) values (20, 'Engineering');
	insert into Departments (did, dname) values (21, 'Accounting');
	insert into Departments (did, dname) values (22, 'Product Management');
	insert into Departments (did, dname) values (23, 'Business Development');
	insert into Departments (did, dname) values (24, 'Legal');
	insert into Departments (did, dname) values (25, 'Accounting');
END;
$$ LANGUAGE sql;

CREATE OR REPLACE PROCEDURE ini_employee() AS $$
BEGIN
	insert into Employees (eid, did, ename, email, contact, resignedDate, ekind) values (1, 20, 'Kain', 'kbras0@360.cn', '883-903-4430', null, 'Junior');
	insert into Employees (eid, did, ename, email, contact, resignedDate, ekind) values (2, 10, 'Tamma', 'tbyforth1@epa.gov', '241-419-2568', null, 'Manager');
	insert into Employees (eid, did, ename, email, contact, resignedDate, ekind) values (3, 8, 'Rosana', 'rfulcher2@shinystat.com', '415-222-1216', null, 'Senior');
	insert into Employees (eid, did, ename, email, contact, resignedDate, ekind) values (4, 11, 'Hillyer', 'htrengrouse3@mail.ru', '746-718-2232', null, 'Junior');
	insert into Employees (eid, did, ename, email, contact, resignedDate, ekind) values (5, 22, 'Pedro', 'pbethell4@bbb.org', '142-116-0208', null, 'Manager');
	insert into Employees (eid, did, ename, email, contact, resignedDate, ekind) values (6, 17, 'Tildy', 'tfenelow5@hibu.com', '529-132-8609', null, 'Senior');
	insert into Employees (eid, did, ename, email, contact, resignedDate, ekind) values (7, 19, 'Elita', 'emitchinson6@google.cn', '160-372-5213', null, 'Senior');
	insert into Employees (eid, did, ename, email, contact, resignedDate, ekind) values (8, 16, 'Andrea', 'acallow7@hao123.com', '120-539-3425', null, 'Manager');
	insert into Employees (eid, did, ename, email, contact, resignedDate, ekind) values (9, 19, 'Therese', 'trottery8@webmd.com', '924-511-4504', null, 'Manager');
	insert into Employees (eid, did, ename, email, contact, resignedDate, ekind) values (10, 3, 'Pavia', 'pcosten9@ucoz.ru', '963-876-7968', null, 'Manager');
	insert into Employees (eid, did, ename, email, contact, resignedDate, ekind) values (11, 14, 'Fern', 'fgandya@mtv.com', '745-438-6050', null, 'Senior');
	insert into Employees (eid, did, ename, email, contact, resignedDate, ekind) values (12, 24, 'Ulberto', 'uorbellb@networksolutions.com', '683-300-6059', '1/18/2023', 'Senior');
	insert into Employees (eid, did, ename, email, contact, resignedDate, ekind) values (13, 11, 'Davine', 'draittc@ihg.com', '788-750-8100', null, 'Manager');
	insert into Employees (eid, did, ename, email, contact, resignedDate, ekind) values (14, 11, 'Tan', 'tbestard@harvard.edu', '790-784-7498', null, 'Manager');
	insert into Employees (eid, did, ename, email, contact, resignedDate, ekind) values (15, 20, 'Korella', 'khande@eventbrite.com', '807-450-8338', null, 'Junior');
	insert into Employees (eid, did, ename, email, contact, resignedDate, ekind) values (16, 20, 'Liza', 'ltoopef@constantcontact.com', '845-337-2918', null, 'Manager');
	insert into Employees (eid, did, ename, email, contact, resignedDate, ekind) values (17, 7, 'Keely', 'kclougherg@patch.com', '527-838-1666', null, 'Senior');
	insert into Employees (eid, did, ename, email, contact, resignedDate, ekind) values (18, 23, 'Cloe', 'creckush@cpanel.net', '927-689-8463', null, 'Junior');
	insert into Employees (eid, did, ename, email, contact, resignedDate, ekind) values (19, 8, 'Harwilll', 'haslingi@twitter.com', '616-370-6113', null, 'Junior');
	insert into Employees (eid, did, ename, email, contact, resignedDate, ekind) values (20, 5, 'Sander', 'smuscatj@1688.com', '366-504-1886', null, 'Manager');
	insert into Employees (eid, did, ename, email, contact, resignedDate, ekind) values (21, 4, 'Fraze', 'fcrasfordk@fotki.com', '541-367-5338', null, 'Manager');
	insert into Employees (eid, did, ename, email, contact, resignedDate, ekind) values (22, 20, 'Tull', 'tguittel@netscape.com', '967-160-0857', null, 'Manager');
	insert into Employees (eid, did, ename, email, contact, resignedDate, ekind) values (23, 8, 'Danielle', 'dcardenosam@nydailynews.com', '257-558-9031', null, 'Manager');
	insert into Employees (eid, did, ename, email, contact, resignedDate, ekind) values (24, 13, 'Renault', 'rquinn@elegantthemes.com', '133-221-0758', null, 'Junior');
	insert into Employees (eid, did, ename, email, contact, resignedDate, ekind) values (25, 15, 'Renado', 'rstangelo@wikimedia.org', '479-578-2729', null, 'Manager');
	insert into Employees (eid, did, ename, email, contact, resignedDate, ekind) values (26, 2, 'Putnem', 'prainbirdp@discovery.com', '941-610-9591', '8/3/2019', 'Senior');
	insert into Employees (eid, did, ename, email, contact, resignedDate, ekind) values (27, 22, 'Wesley', 'wkeepinq@java.com', '777-380-7634', null, 'Senior');
	insert into Employees (eid, did, ename, email, contact, resignedDate, ekind) values (28, 2, 'Arlyne', 'aloinsr@ucla.edu', '250-590-7972', null, 'Junior');
	insert into Employees (eid, did, ename, email, contact, resignedDate, ekind) values (29, 18, 'Janina', 'jruprechters@simplemachines.org', '464-552-1792', null, 'Senior');
	insert into Employees (eid, did, ename, email, contact, resignedDate, ekind) values (30, 2, 'Lucia', 'lvigert@hibu.com', '905-230-5837', null, 'Junior');
	insert into Employees (eid, did, ename, email, contact, resignedDate, ekind) values (31, 6, 'Fawne', 'fpovlsenu@census.gov', '229-167-0957', null, 'Junior');
	insert into Employees (eid, did, ename, email, contact, resignedDate, ekind) values (32, 21, 'Broderick', 'bscottingv@princeton.edu', '107-596-6315', null, 'Senior');
	insert into Employees (eid, did, ename, email, contact, resignedDate, ekind) values (33, 10, 'Nicolas', 'noldamw@umich.edu', '566-785-7068', null, 'Senior');
	insert into Employees (eid, did, ename, email, contact, resignedDate, ekind) values (34, 23, 'Sigismond', 'sschumacherx@wikipedia.org', '837-598-1609', null, 'Senior');
	insert into Employees (eid, did, ename, email, contact, resignedDate, ekind) values (35, 18, 'Raina', 'rpembridgey@godaddy.com', '746-514-6512', null, 'Senior');
	insert into Employees (eid, did, ename, email, contact, resignedDate, ekind) values (36, 16, 'Obie', 'omalinsonz@reddit.com', '451-384-6952', '1/29/2023', 'Junior');
	insert into Employees (eid, did, ename, email, contact, resignedDate, ekind) values (37, 15, 'Morgen', 'madamthwaite10@vimeo.com', '212-327-2250', null, 'Junior');
	insert into Employees (eid, did, ename, email, contact, resignedDate, ekind) values (38, 2, 'Tedda', 'tfoister11@ucoz.ru', '893-731-2617', null, 'Junior');
	insert into Employees (eid, did, ename, email, contact, resignedDate, ekind) values (39, 13, 'Dud', 'dwinter12@utexas.edu', '377-793-1855', null, 'Manager');
	insert into Employees (eid, did, ename, email, contact, resignedDate, ekind) values (40, 11, 'Kellen', 'kcowans13@bluehost.com', '435-420-4160', null, 'Manager');
	insert into Employees (eid, did, ename, email, contact, resignedDate, ekind) values (41, 14, 'Cristian', 'chartshorne14@ted.com', '431-193-9583', null, 'Manager');
	insert into Employees (eid, did, ename, email, contact, resignedDate, ekind) values (42, 3, 'Llywellyn', 'lflockhart15@tuttocitta.it', '189-725-4023', null, 'Junior');
	insert into Employees (eid, did, ename, email, contact, resignedDate, ekind) values (43, 10, 'Wake', 'wseivwright16@ask.com', '338-171-1662', null, 'Senior');
	insert into Employees (eid, did, ename, email, contact, resignedDate, ekind) values (44, 14, 'Kimball', 'kbellee17@printfriendly.com', '486-735-7038', null, 'Manager');
	insert into Employees (eid, did, ename, email, contact, resignedDate, ekind) values (45, 24, 'Allissa', 'aokeefe18@netscape.com', '179-103-4633', null, 'Manager');
	insert into Employees (eid, did, ename, email, contact, resignedDate, ekind) values (46, 20, 'Ottilie', 'okerbler19@indiatimes.com', '833-236-3591', null, 'Senior');
	insert into Employees (eid, did, ename, email, contact, resignedDate, ekind) values (47, 20, 'Alexander', 'asapena1a@howstuffworks.com', '575-830-5469', null, 'Junior');
	insert into Employees (eid, did, ename, email, contact, resignedDate, ekind) values (48, 22, 'Armstrong', 'aluna1b@freewebs.com', '272-602-1422', null, 'Junior');
	insert into Employees (eid, did, ename, email, contact, resignedDate, ekind) values (49, 2, 'Ginni', 'gkincaid1c@macromedia.com', '869-518-2958', '10/10/2022', 'Junior');
	insert into Employees (eid, did, ename, email, contact, resignedDate, ekind) values (50, 12, 'Chaim', 'codgaard1d@theatlantic.com', '465-492-1099', null, 'Senior');
	insert into Employees (eid, did, ename, email, contact, resignedDate, ekind) values (51, 8, 'Pooh', 'plindenfeld1e@craigslist.org', '149-649-8552', null, 'Junior');
	insert into Employees (eid, did, ename, email, contact, resignedDate, ekind) values (52, 3, 'Eloisa', 'ecomer1f@taobao.com', '934-641-0719', null, 'Junior');
	insert into Employees (eid, did, ename, email, contact, resignedDate, ekind) values (53, 22, 'Ina', 'itender1g@intel.com', '469-142-2099', null, 'Manager');
	insert into Employees (eid, did, ename, email, contact, resignedDate, ekind) values (54, 11, 'Whitaker', 'wlammiman1h@etsy.com', '472-952-9263', null, 'Manager');
	insert into Employees (eid, did, ename, email, contact, resignedDate, ekind) values (55, 11, 'Michaela', 'mleasor1i@topsy.com', '578-275-4475', null, 'Manager');
	insert into Employees (eid, did, ename, email, contact, resignedDate, ekind) values (56, 16, 'Brandea', 'bagnew1j@blinklist.com', '524-406-9694', null, 'Junior');
	insert into Employees (eid, did, ename, email, contact, resignedDate, ekind) values (57, 1, 'Dill', 'drawlison1k@accuweather.com', '143-703-5031', null, 'Manager');
	insert into Employees (eid, did, ename, email, contact, resignedDate, ekind) values (58, 6, 'Carl', 'chagland1l@ftc.gov', '212-775-6050', null, 'Junior');
	insert into Employees (eid, did, ename, email, contact, resignedDate, ekind) values (59, 18, 'Debra', 'dschechter1m@google.co.uk', '161-285-6401', null, 'Junior');
	insert into Employees (eid, did, ename, email, contact, resignedDate, ekind) values (60, 14, 'Emilee', 'eescott1n@berkeley.edu', '119-719-4095', null, 'Manager');
	insert into Employees (eid, did, ename, email, contact, resignedDate, ekind) values (61, 4, 'Audre', 'amcquin1o@nature.com', '608-535-0674', '11/10/2024', 'Manager');
	insert into Employees (eid, did, ename, email, contact, resignedDate, ekind) values (62, 13, 'Cammie', 'cohengerty1p@w3.org', '490-856-9535', null, 'Manager');
	insert into Employees (eid, did, ename, email, contact, resignedDate, ekind) values (63, 11, 'Conant', 'csyres1q@japanpost.jp', '444-618-9552', null, 'Manager');
	insert into Employees (eid, did, ename, email, contact, resignedDate, ekind) values (64, 10, 'Astra', 'aspatig1r@wikia.com', '727-136-9467', null, 'Junior');
	insert into Employees (eid, did, ename, email, contact, resignedDate, ekind) values (65, 21, 'Mitchel', 'mwrankmore1s@pagesperso-orange.fr', '346-747-2171', null, 'Senior');
	insert into Employees (eid, did, ename, email, contact, resignedDate, ekind) values (66, 25, 'Vasili', 'vstreatfield1t@wp.com', '538-603-2221', null, 'Manager');
	insert into Employees (eid, did, ename, email, contact, resignedDate, ekind) values (67, 24, 'Dav', 'dleamy1u@example.com', '383-999-0862', null, 'Junior');
	insert into Employees (eid, did, ename, email, contact, resignedDate, ekind) values (68, 10, 'Katrine', 'kskoughman1v@hostgator.com', '727-921-8939', null, 'Junior');
	insert into Employees (eid, did, ename, email, contact, resignedDate, ekind) values (69, 5, 'Maybelle', 'mwyldbore1w@china.com.cn', '770-498-5074', null, 'Senior');
	insert into Employees (eid, did, ename, email, contact, resignedDate, ekind) values (70, 8, 'Olvan', 'otookill1x@xrea.com', '956-651-6398', null, 'Senior');
	insert into Employees (eid, did, ename, email, contact, resignedDate, ekind) values (71, 14, 'Norma', 'nmargarson1y@goo.gl', '715-888-7279', null, 'Junior');
	insert into Employees (eid, did, ename, email, contact, resignedDate, ekind) values (72, 14, 'Abran', 'aivancevic1z@pen.io', '651-898-8707', null, 'Manager');
	insert into Employees (eid, did, ename, email, contact, resignedDate, ekind) values (73, 1, 'Coleen', 'crutley20@ifeng.com', '813-400-7394', null, 'Junior');
	insert into Employees (eid, did, ename, email, contact, resignedDate, ekind) values (74, 13, 'Nessi', 'ngrantham21@mapy.cz', '347-138-0607', null, 'Senior');
	insert into Employees (eid, did, ename, email, contact, resignedDate, ekind) values (75, 21, 'Zilvia', 'zbaggiani22@1und1.de', '410-385-9958', '12/7/2019', 'Senior');
	insert into Employees (eid, did, ename, email, contact, resignedDate, ekind) values (76, 20, 'Jamison', 'jrodie23@gmpg.org', '437-784-4164', '12/17/2019', 'Senior');
	insert into Employees (eid, did, ename, email, contact, resignedDate, ekind) values (77, 14, 'Zelda', 'zskey24@usnews.com', '364-330-5881', null, 'Manager');
	insert into Employees (eid, did, ename, email, contact, resignedDate, ekind) values (78, 5, 'Carmon', 'cbeaford25@dyndns.org', '719-507-4033', null, 'Junior');
	insert into Employees (eid, did, ename, email, contact, resignedDate, ekind) values (79, 18, 'Deeann', 'dcharter26@feedburner.com', '458-343-6094', null, 'Manager');
	insert into Employees (eid, did, ename, email, contact, resignedDate, ekind) values (80, 17, 'Todd', 'tstrachan27@nsw.gov.au', '533-856-9642', null, 'Manager');
	insert into Employees (eid, did, ename, email, contact, resignedDate, ekind) values (81, 5, 'Sharron', 'sschofield28@cnbc.com', '489-494-9236', null, 'Manager');
	insert into Employees (eid, did, ename, email, contact, resignedDate, ekind) values (82, 12, 'Donia', 'djerosch29@hibu.com', '367-129-3057', null, 'Senior');
	insert into Employees (eid, did, ename, email, contact, resignedDate, ekind) values (83, 9, 'Orlan', 'ojaqueme2a@jalbum.net', '430-787-5535', null, 'Manager');
	insert into Employees (eid, did, ename, email, contact, resignedDate, ekind) values (84, 20, 'Lindie', 'lkingswood2b@blogtalkradio.com', '628-494-7454', null, 'Senior');
	insert into Employees (eid, did, ename, email, contact, resignedDate, ekind) values (85, 15, 'Ester', 'ebrooker2c@mediafire.com', '860-576-9064', null, 'Manager');
	insert into Employees (eid, did, ename, email, contact, resignedDate, ekind) values (86, 13, 'Rosa', 'regan2d@is.gd', '397-394-6107', null, 'Manager');
	insert into Employees (eid, did, ename, email, contact, resignedDate, ekind) values (87, 2, 'Ingemar', 'imcmeyler2e@shop-pro.jp', '540-264-5870', null, 'Manager');
	insert into Employees (eid, did, ename, email, contact, resignedDate, ekind) values (88, 11, 'Bordie', 'bdavison2f@360.cn', '203-106-2300', null, 'Senior');
	insert into Employees (eid, did, ename, email, contact, resignedDate, ekind) values (89, 22, 'Durward', 'dansteys2g@miibeian.gov.cn', '288-626-8997', null, 'Junior');
	insert into Employees (eid, did, ename, email, contact, resignedDate, ekind) values (90, 17, 'Olympia', 'oghelarducci2h@sbwire.com', '869-275-7543', null, 'Senior');
	insert into Employees (eid, did, ename, email, contact, resignedDate, ekind) values (91, 18, 'Shellysheldon', 'ssprigings2i@answers.com', '478-583-5172', null, 'Junior');
	insert into Employees (eid, did, ename, email, contact, resignedDate, ekind) values (92, 3, 'Vivia', 'vpossell2j@answers.com', '874-102-4815', null, 'Junior');
	insert into Employees (eid, did, ename, email, contact, resignedDate, ekind) values (93, 1, 'Chantalle', 'coswald2k@yelp.com', '445-554-4248', null, 'Junior');
	insert into Employees (eid, did, ename, email, contact, resignedDate, ekind) values (94, 11, 'Celinda', 'cwheelwright2l@yahoo.co.jp', '206-790-2475', null, 'Manager');
	insert into Employees (eid, did, ename, email, contact, resignedDate, ekind) values (95, 22, 'Cosetta', 'ccolrein2m@shop-pro.jp', '964-163-5350', null, 'Senior');
	insert into Employees (eid, did, ename, email, contact, resignedDate, ekind) values (96, 17, 'Twyla', 'tabell2n@oracle.com', '556-553-2565', null, 'Junior');
	insert into Employees (eid, did, ename, email, contact, resignedDate, ekind) values (97, 24, 'Bernadene', 'bjaslem2o@scientificamerican.com', '702-793-5807', null, 'Senior');
	insert into Employees (eid, did, ename, email, contact, resignedDate, ekind) values (98, 22, 'Pace', 'ptownrow2p@deviantart.com', '820-723-2167', null, 'Senior');
	insert into Employees (eid, did, ename, email, contact, resignedDate, ekind) values (99, 20, 'Leonard', 'ljendricke2q@meetup.com', '585-305-0716', '10/12/2023', 'Manager');
	insert into Employees (eid, did, ename, email, contact, resignedDate, ekind) values (100, 14, 'Fonzie', 'faulds2r@geocities.jp', '264-952-9823', null, 'Manager');
	insert into Employees (eid, did, ename, email, contact, resignedDate, ekind) values (101, 14, 'Hagan', 'hledbury2s@csmonitor.com', '389-422-3334', null, 'Senior');
	insert into Employees (eid, did, ename, email, contact, resignedDate, ekind) values (102, 17, 'Joannes', 'jaronstam2t@w3.org', '641-759-2624', '3/16/2025', 'Senior');
	insert into Employees (eid, did, ename, email, contact, resignedDate, ekind) values (103, 4, 'Stefan', 'sbrimmacombe2u@sogou.com', '403-450-0012', null, 'Manager');
	insert into Employees (eid, did, ename, email, contact, resignedDate, ekind) values (104, 22, 'Duncan', 'djedraszek2v@comsenz.com', '249-768-2014', null, 'Manager');
	insert into Employees (eid, did, ename, email, contact, resignedDate, ekind) values (105, 14, 'Marin', 'mtreadgear2w@theglobeandmail.com', '452-318-6073', null, 'Senior');
	insert into Employees (eid, did, ename, email, contact, resignedDate, ekind) values (106, 5, 'Irene', 'ichimes2x@ifeng.com', '418-124-8800', null, 'Junior');
	insert into Employees (eid, did, ename, email, contact, resignedDate, ekind) values (107, 23, 'Jeth', 'jmansour2y@prweb.com', '501-827-7908', null, 'Senior');
	insert into Employees (eid, did, ename, email, contact, resignedDate, ekind) values (108, 16, 'Roi', 'rarndell2z@reverbnation.com', '918-339-2096', null, 'Senior');
	insert into Employees (eid, did, ename, email, contact, resignedDate, ekind) values (109, 13, 'Vladamir', 'vgomm30@is.gd', '566-219-1609', '6/24/2019', 'Senior');
	insert into Employees (eid, did, ename, email, contact, resignedDate, ekind) values (110, 9, 'Delmer', 'dmcginty31@cargocollective.com', '342-122-7866', null, 'Manager');
	insert into Employees (eid, did, ename, email, contact, resignedDate, ekind) values (111, 19, 'Quent', 'qdanielot32@paypal.com', '728-328-4307', null, 'Manager');
	insert into Employees (eid, did, ename, email, contact, resignedDate, ekind) values (112, 19, 'Sheelagh', 'swathen33@house.gov', '452-635-4924', null, 'Senior');
	insert into Employees (eid, did, ename, email, contact, resignedDate, ekind) values (113, 23, 'Anthiathia', 'alavin34@parallels.com', '454-921-5917', null, 'Senior');
	insert into Employees (eid, did, ename, email, contact, resignedDate, ekind) values (114, 14, 'Rubi', 'rvreiberg35@sciencedirect.com', '554-956-8105', null, 'Manager');
	insert into Employees (eid, did, ename, email, contact, resignedDate, ekind) values (115, 8, 'Marje', 'mwheaton36@chicagotribune.com', '439-849-6205', null, 'Junior');
	insert into Employees (eid, did, ename, email, contact, resignedDate, ekind) values (116, 10, 'Verna', 'vleavy37@google.cn', '706-183-6439', null, 'Senior');
	insert into Employees (eid, did, ename, email, contact, resignedDate, ekind) values (117, 17, 'Augy', 'adightham38@archive.org', '942-657-3513', null, 'Senior');
	insert into Employees (eid, did, ename, email, contact, resignedDate, ekind) values (118, 1, 'Suzy', 'shinrichsen39@usda.gov', '146-495-5180', null, 'Senior');
	insert into Employees (eid, did, ename, email, contact, resignedDate, ekind) values (119, 7, 'Aland', 'apettisall3a@diigo.com', '628-665-4323', null, 'Senior');
	insert into Employees (eid, did, ename, email, contact, resignedDate, ekind) values (120, 2, 'Brena', 'bgudgion3b@hexun.com', '924-552-3738', null, 'Manager');
	insert into Employees (eid, did, ename, email, contact, resignedDate, ekind) values (121, 1, 'Jean', 'jwestmacott3c@example.com', '816-619-3143', null, 'Senior');
	insert into Employees (eid, did, ename, email, contact, resignedDate, ekind) values (122, 3, 'Rockey', 'rfrary3d@engadget.com', '950-784-4253', '5/10/2019', 'Manager');
	insert into Employees (eid, did, ename, email, contact, resignedDate, ekind) values (123, 23, 'Dita', 'dabrami3e@ihg.com', '365-536-5158', null, 'Junior');
	insert into Employees (eid, did, ename, email, contact, resignedDate, ekind) values (124, 24, 'Nike', 'nmurrell3f@digg.com', '110-204-7921', '5/6/2020', 'Senior');
	insert into Employees (eid, did, ename, email, contact, resignedDate, ekind) values (125, 9, 'Ariel', 'aoldmeadow3g@google.com.hk', '745-218-6409', null, 'Manager');
	insert into Employees (eid, did, ename, email, contact, resignedDate, ekind) values (126, 25, 'Kelly', 'ktranfield3h@4shared.com', '619-666-2060', null, 'Senior');
	insert into Employees (eid, did, ename, email, contact, resignedDate, ekind) values (127, 20, 'Louella', 'lisakovitch3i@senate.gov', '415-194-9612', null, 'Manager');
	insert into Employees (eid, did, ename, email, contact, resignedDate, ekind) values (128, 5, 'Hilly', 'hpratley3j@toplist.cz', '409-224-0840', null, 'Junior');
	insert into Employees (eid, did, ename, email, contact, resignedDate, ekind) values (129, 24, 'Celestia', 'cpowderham3k@cocolog-nifty.com', '184-404-3792', null, 'Junior');
	insert into Employees (eid, did, ename, email, contact, resignedDate, ekind) values (130, 19, 'Juline', 'jpelerin3l@instagram.com', '431-480-4996', null, 'Senior');
	insert into Employees (eid, did, ename, email, contact, resignedDate, ekind) values (131, 9, 'Neala', 'nubanks3m@histats.com', '233-850-6888', null, 'Manager');
	insert into Employees (eid, did, ename, email, contact, resignedDate, ekind) values (132, 1, 'Clifford', 'csaltwell3n@eepurl.com', '907-565-6441', null, 'Junior');
	insert into Employees (eid, did, ename, email, contact, resignedDate, ekind) values (133, 5, 'Rivkah', 'rpigden3o@i2i.jp', '879-430-2060', null, 'Junior');
	insert into Employees (eid, did, ename, email, contact, resignedDate, ekind) values (134, 13, 'Dacie', 'dteasey3p@so-net.ne.jp', '160-971-8798', '9/9/2020', 'Senior');
	insert into Employees (eid, did, ename, email, contact, resignedDate, ekind) values (135, 17, 'Laina', 'lthaller3q@apache.org', '757-693-7966', null, 'Senior');
	insert into Employees (eid, did, ename, email, contact, resignedDate, ekind) values (136, 18, 'Jay', 'jstaning3r@wufoo.com', '188-809-3253', null, 'Junior');
	insert into Employees (eid, did, ename, email, contact, resignedDate, ekind) values (137, 2, 'Mohandis', 'mbroomhead3s@reverbnation.com', '699-967-7241', null, 'Senior');
	insert into Employees (eid, did, ename, email, contact, resignedDate, ekind) values (138, 23, 'Illa', 'imacdonell3t@tuttocitta.it', '933-650-7942', null, 'Junior');
	insert into Employees (eid, did, ename, email, contact, resignedDate, ekind) values (139, 6, 'Sinclair', 'smarkus3u@dedecms.com', '617-265-1604', null, 'Senior');
	insert into Employees (eid, did, ename, email, contact, resignedDate, ekind) values (140, 12, 'Darcy', 'dsiene3v@google.fr', '236-171-0407', null, 'Manager');
	insert into Employees (eid, did, ename, email, contact, resignedDate, ekind) values (141, 25, 'Veronique', 'vgirardez3w@mozilla.org', '645-914-2180', null, 'Manager');
	insert into Employees (eid, did, ename, email, contact, resignedDate, ekind) values (142, 7, 'Ignace', 'ifilippucci3x@bloglovin.com', '529-720-9442', null, 'Senior');
	insert into Employees (eid, did, ename, email, contact, resignedDate, ekind) values (143, 21, 'Dalli', 'dgoad3y@bluehost.com', '903-448-0166', null, 'Senior');
	insert into Employees (eid, did, ename, email, contact, resignedDate, ekind) values (144, 21, 'Marylinda', 'mdearnly3z@chicagotribune.com', '165-194-6263', null, 'Manager');
	insert into Employees (eid, did, ename, email, contact, resignedDate, ekind) values (145, 11, 'Erskine', 'eveall40@list-manage.com', '654-870-2917', null, 'Senior');
	insert into Employees (eid, did, ename, email, contact, resignedDate, ekind) values (146, 14, 'Oby', 'okennedy41@cornell.edu', '687-246-3540', null, 'Manager');
	insert into Employees (eid, did, ename, email, contact, resignedDate, ekind) values (147, 3, 'Myrlene', 'minseal42@nydailynews.com', '948-147-4010', null, 'Manager');
	insert into Employees (eid, did, ename, email, contact, resignedDate, ekind) values (148, 5, 'Piper', 'plondon43@de.vu', '675-780-9747', null, 'Junior');
	insert into Employees (eid, did, ename, email, contact, resignedDate, ekind) values (149, 9, 'Wendye', 'wfone44@edublogs.org', '580-183-8118', null, 'Manager');
	insert into Employees (eid, did, ename, email, contact, resignedDate, ekind) values (150, 6, 'Dee dee', 'dstormont45@oakley.com', '950-609-3960', null, 'Senior');
	insert into Employees (eid, did, ename, email, contact, resignedDate, ekind) values (151, 15, 'Galvan', 'gkornyakov46@altervista.org', '921-631-5821', null, 'Senior');
	insert into Employees (eid, did, ename, email, contact, resignedDate, ekind) values (152, 17, 'Mala', 'mpersian47@facebook.com', '659-228-8407', null, 'Junior');
	insert into Employees (eid, did, ename, email, contact, resignedDate, ekind) values (153, 15, 'Iggy', 'isnook48@sbwire.com', '657-931-0149', null, 'Senior');
	insert into Employees (eid, did, ename, email, contact, resignedDate, ekind) values (154, 7, 'Dael', 'dlaugheran49@qq.com', '729-281-9959', null, 'Manager');
	insert into Employees (eid, did, ename, email, contact, resignedDate, ekind) values (155, 13, 'Clevie', 'cgiraudoux4a@epa.gov', '664-329-2876', null, 'Junior');
	insert into Employees (eid, did, ename, email, contact, resignedDate, ekind) values (156, 13, 'Dexter', 'dbaggelley4b@diigo.com', '632-517-0319', null, 'Manager');
	insert into Employees (eid, did, ename, email, contact, resignedDate, ekind) values (157, 23, 'Bobbye', 'bmurty4c@wordpress.com', '246-991-0536', null, 'Senior');
	insert into Employees (eid, did, ename, email, contact, resignedDate, ekind) values (158, 24, 'Quillan', 'qhekkert4d@hp.com', '157-891-2565', null, 'Senior');
	insert into Employees (eid, did, ename, email, contact, resignedDate, ekind) values (159, 21, 'Thain', 'trance4e@github.io', '143-270-7022', null, 'Senior');
	insert into Employees (eid, did, ename, email, contact, resignedDate, ekind) values (160, 14, 'Rurik', 'rwindrus4f@tinypic.com', '723-945-9091', null, 'Senior');
	insert into Employees (eid, did, ename, email, contact, resignedDate, ekind) values (161, 3, 'Tremayne', 'tmurkin4g@boston.com', '401-203-4460', null, 'Senior');
	insert into Employees (eid, did, ename, email, contact, resignedDate, ekind) values (162, 15, 'Justine', 'jrosindill4h@myspace.com', '784-246-6965', null, 'Senior');
	insert into Employees (eid, did, ename, email, contact, resignedDate, ekind) values (163, 2, 'Etheline', 'eludgrove4i@flavors.me', '460-981-1706', null, 'Junior');
	insert into Employees (eid, did, ename, email, contact, resignedDate, ekind) values (164, 12, 'Briant', 'bclews4j@marriott.com', '867-936-7343', null, 'Senior');
	insert into Employees (eid, did, ename, email, contact, resignedDate, ekind) values (165, 22, 'Staci', 'sduffan4k@ebay.com', '606-721-6796', null, 'Manager');
	insert into Employees (eid, did, ename, email, contact, resignedDate, ekind) values (166, 21, 'Kate', 'kboud4l@over-blog.com', '601-528-6544', null, 'Manager');
	insert into Employees (eid, did, ename, email, contact, resignedDate, ekind) values (167, 18, 'Karine', 'kpetofi4m@addtoany.com', '231-623-5617', null, 'Manager');
	insert into Employees (eid, did, ename, email, contact, resignedDate, ekind) values (168, 10, 'Antonio', 'aockleshaw4n@dell.com', '205-979-4556', null, 'Junior');
	insert into Employees (eid, did, ename, email, contact, resignedDate, ekind) values (169, 3, 'Audy', 'atallis4o@hc360.com', '370-612-2101', null, 'Manager');
	insert into Employees (eid, did, ename, email, contact, resignedDate, ekind) values (170, 10, 'Mohammed', 'mdadge4p@yandex.ru', '228-524-9685', null, 'Senior');
	insert into Employees (eid, did, ename, email, contact, resignedDate, ekind) values (171, 25, 'Britt', 'bolivi4q@tamu.edu', '789-557-1533', null, 'Manager');
	insert into Employees (eid, did, ename, email, contact, resignedDate, ekind) values (172, 19, 'Emili', 'evaller4r@wunderground.com', '205-281-4434', null, 'Manager');
	insert into Employees (eid, did, ename, email, contact, resignedDate, ekind) values (173, 12, 'Tiebout', 'tbalcock4s@bandcamp.com', '314-965-8072', null, 'Manager');
	insert into Employees (eid, did, ename, email, contact, resignedDate, ekind) values (174, 7, 'Clint', 'creeson4t@cisco.com', '119-715-5946', null, 'Junior');
	insert into Employees (eid, did, ename, email, contact, resignedDate, ekind) values (175, 12, 'Curry', 'ctassel4u@devhub.com', '365-271-1516', null, 'Manager');
	insert into Employees (eid, did, ename, email, contact, resignedDate, ekind) values (176, 16, 'Tallia', 'trains4v@telegraph.co.uk', '318-432-2381', null, 'Manager');
	insert into Employees (eid, did, ename, email, contact, resignedDate, ekind) values (177, 3, 'Guendolen', 'ghenrion4w@dmoz.org', '970-128-0680', '6/6/2020', 'Manager');
	insert into Employees (eid, did, ename, email, contact, resignedDate, ekind) values (178, 2, 'Haskel', 'hheaker4x@quantcast.com', '120-307-4604', null, 'Junior');
	insert into Employees (eid, did, ename, email, contact, resignedDate, ekind) values (179, 5, 'Augie', 'adosdale4y@canalblog.com', '677-690-9540', null, 'Manager');
	insert into Employees (eid, did, ename, email, contact, resignedDate, ekind) values (180, 17, 'Darsey', 'dmcmoyer4z@ebay.com', '402-755-1273', null, 'Senior');
	insert into Employees (eid, did, ename, email, contact, resignedDate, ekind) values (181, 7, 'Jimmie', 'jhrynczyk50@51.la', '500-345-2717', null, 'Senior');
	insert into Employees (eid, did, ename, email, contact, resignedDate, ekind) values (182, 15, 'Cindelyn', 'cstearn51@comsenz.com', '456-364-3982', null, 'Manager');
	insert into Employees (eid, did, ename, email, contact, resignedDate, ekind) values (183, 17, 'Luke', 'lazemar52@paginegialle.it', '626-424-1048', null, 'Senior');
	insert into Employees (eid, did, ename, email, contact, resignedDate, ekind) values (184, 18, 'Basilius', 'bganforthe53@amazon.com', '570-582-2334', null, 'Manager');
	insert into Employees (eid, did, ename, email, contact, resignedDate, ekind) values (185, 10, 'Pauli', 'pclyne54@pen.io', '341-832-2231', null, 'Senior');
	insert into Employees (eid, did, ename, email, contact, resignedDate, ekind) values (186, 4, 'Lolita', 'lmackenzie55@eepurl.com', '803-771-1212', null, 'Manager');
	insert into Employees (eid, did, ename, email, contact, resignedDate, ekind) values (187, 2, 'Tate', 'tgerault56@yahoo.co.jp', '453-549-1649', null, 'Senior');
	insert into Employees (eid, did, ename, email, contact, resignedDate, ekind) values (188, 1, 'Calv', 'cornils57@tripod.com', '527-134-0067', null, 'Junior');
	insert into Employees (eid, did, ename, email, contact, resignedDate, ekind) values (189, 6, 'Gherardo', 'glebreton58@multiply.com', '722-766-4546', null, 'Manager');
	insert into Employees (eid, did, ename, email, contact, resignedDate, ekind) values (190, 22, 'Danell', 'dfranies59@prnewswire.com', '757-274-4510', null, 'Manager');
	insert into Employees (eid, did, ename, email, contact, resignedDate, ekind) values (191, 23, 'Meir', 'mhain5a@surveymonkey.com', '855-683-6102', null, 'Manager');
	insert into Employees (eid, did, ename, email, contact, resignedDate, ekind) values (192, 2, 'Theo', 'ttsar5b@sun.com', '229-603-4898', null, 'Senior');
	insert into Employees (eid, did, ename, email, contact, resignedDate, ekind) values (193, 3, 'Richard', 'rcarthy5c@addthis.com', '320-923-3082', null, 'Senior');
	insert into Employees (eid, did, ename, email, contact, resignedDate, ekind) values (194, 3, 'Arlen', 'ascritch5d@cloudflare.com', '552-560-6890', null, 'Manager');
	insert into Employees (eid, did, ename, email, contact, resignedDate, ekind) values (195, 16, 'Nertie', 'ntresler5e@sohu.com', '207-706-3616', null, 'Manager');
	insert into Employees (eid, did, ename, email, contact, resignedDate, ekind) values (196, 24, 'Norman', 'ncarmel5f@usa.gov', '753-705-2084', null, 'Junior');
	insert into Employees (eid, did, ename, email, contact, resignedDate, ekind) values (197, 19, 'Nolana', 'ndeye5g@businessinsider.com', '314-785-5251', null, 'Senior');
	insert into Employees (eid, did, ename, email, contact, resignedDate, ekind) values (198, 19, 'Bryan', 'bomohun5h@behance.net', '198-708-3162', '8/17/2024', 'Junior');
	insert into Employees (eid, did, ename, email, contact, resignedDate, ekind) values (199, 20, 'Dorisa', 'dgrand5i@alexa.com', '517-545-9278', '12/5/2020', 'Senior');
	insert into Employees (eid, did, ename, email, contact, resignedDate, ekind) values (200, 17, 'Amble', 'atruitt5j@shareasale.com', '746-204-6184', null, 'Junior');
	insert into Employees (eid, did, ename, email, contact, resignedDate, ekind) values (201, 15, 'Mitchael', 'mzumbusch5k@issuu.com', '727-177-6786', null, 'Junior');
	insert into Employees (eid, did, ename, email, contact, resignedDate, ekind) values (202, 19, 'Gallard', 'gbanton5l@over-blog.com', '254-377-9213', null, 'Senior');
	insert into Employees (eid, did, ename, email, contact, resignedDate, ekind) values (203, 18, 'Antons', 'amedlar5m@amazon.com', '586-520-5363', '10/29/2021', 'Manager');
	insert into Employees (eid, did, ename, email, contact, resignedDate, ekind) values (204, 16, 'Zonda', 'zbiers5n@netlog.com', '498-482-6963', null, 'Junior');
	insert into Employees (eid, did, ename, email, contact, resignedDate, ekind) values (205, 23, 'Gearalt', 'gshiell5o@google.fr', '338-493-7750', null, 'Manager');
	insert into Employees (eid, did, ename, email, contact, resignedDate, ekind) values (206, 4, 'Boniface', 'bsphinxe5p@bigcartel.com', '791-307-4887', null, 'Manager');
	insert into Employees (eid, did, ename, email, contact, resignedDate, ekind) values (207, 25, 'Malia', 'mcradoc5q@jiathis.com', '109-623-6337', null, 'Junior');
	insert into Employees (eid, did, ename, email, contact, resignedDate, ekind) values (208, 25, 'Sydney', 'starzey5r@163.com', '179-830-4137', null, 'Senior');
	insert into Employees (eid, did, ename, email, contact, resignedDate, ekind) values (209, 7, 'Stillmann', 'scotman5s@kickstarter.com', '859-411-0901', null, 'Manager');
	insert into Employees (eid, did, ename, email, contact, resignedDate, ekind) values (210, 20, 'Angelika', 'agregoraci5t@stumbleupon.com', '209-197-3673', null, 'Junior');
	insert into Employees (eid, did, ename, email, contact, resignedDate, ekind) values (211, 19, 'Carr', 'ckollaschek5u@hao123.com', '368-656-6624', null, 'Junior');
	insert into Employees (eid, did, ename, email, contact, resignedDate, ekind) values (212, 1, 'Tate', 'tgreenset5v@chron.com', '638-219-8236', '11/17/2023', 'Manager');
	insert into Employees (eid, did, ename, email, contact, resignedDate, ekind) values (213, 23, 'Kaspar', 'knorville5w@dyndns.org', '948-179-8744', '9/3/2024', 'Senior');
	insert into Employees (eid, did, ename, email, contact, resignedDate, ekind) values (214, 2, 'Lilas', 'lreavell5x@washington.edu', '378-292-1994', null, 'Senior');
	insert into Employees (eid, did, ename, email, contact, resignedDate, ekind) values (215, 6, 'Blithe', 'bwestmoreland5y@facebook.com', '250-908-7584', null, 'Senior');
	insert into Employees (eid, did, ename, email, contact, resignedDate, ekind) values (216, 9, 'Boyd', 'bower5z@mac.com', '613-604-6192', null, 'Manager');
	insert into Employees (eid, did, ename, email, contact, resignedDate, ekind) values (217, 22, 'Broderick', 'bdooly60@thetimes.co.uk', '107-896-4464', null, 'Junior');
	insert into Employees (eid, did, ename, email, contact, resignedDate, ekind) values (218, 5, 'Merle', 'mbrabban61@ebay.co.uk', '729-639-9774', null, 'Junior');
	insert into Employees (eid, did, ename, email, contact, resignedDate, ekind) values (219, 9, 'Julie', 'jstillwell62@yolasite.com', '586-771-0391', null, 'Junior');
	insert into Employees (eid, did, ename, email, contact, resignedDate, ekind) values (220, 2, 'Sancho', 'shynd63@instagram.com', '402-798-1600', null, 'Senior');
	insert into Employees (eid, did, ename, email, contact, resignedDate, ekind) values (221, 19, 'Georgeanne', 'grapelli64@behance.net', '423-460-5534', null, 'Junior');
	insert into Employees (eid, did, ename, email, contact, resignedDate, ekind) values (222, 4, 'Beverley', 'bhens65@g.co', '831-874-8695', null, 'Senior');
	insert into Employees (eid, did, ename, email, contact, resignedDate, ekind) values (223, 20, 'Trevar', 'tkopta66@mozilla.com', '952-835-8342', null, 'Senior');
	insert into Employees (eid, did, ename, email, contact, resignedDate, ekind) values (224, 10, 'Ofelia', 'oyule67@springer.com', '961-936-1218', null, 'Senior');
	insert into Employees (eid, did, ename, email, contact, resignedDate, ekind) values (225, 23, 'Mickey', 'mrowling68@mashable.com', '542-438-2469', null, 'Junior');
	insert into Employees (eid, did, ename, email, contact, resignedDate, ekind) values (226, 21, 'Risa', 'rblackmuir69@narod.ru', '762-364-4079', null, 'Manager');
	insert into Employees (eid, did, ename, email, contact, resignedDate, ekind) values (227, 17, 'Lance', 'lgrund6a@histats.com', '423-144-5553', null, 'Junior');
	insert into Employees (eid, did, ename, email, contact, resignedDate, ekind) values (228, 9, 'Luigi', 'lhindmore6b@bing.com', '370-384-3651', null, 'Manager');
	insert into Employees (eid, did, ename, email, contact, resignedDate, ekind) values (229, 19, 'Minnnie', 'mroutledge6c@reverbnation.com', '229-105-4295', '8/1/2019', 'Junior');
	insert into Employees (eid, did, ename, email, contact, resignedDate, ekind) values (230, 20, 'Devinne', 'dfrise6d@linkedin.com', '719-435-9561', null, 'Junior');
	insert into Employees (eid, did, ename, email, contact, resignedDate, ekind) values (231, 5, 'Remy', 'rslucock6e@unicef.org', '890-144-7865', null, 'Manager');
	insert into Employees (eid, did, ename, email, contact, resignedDate, ekind) values (232, 2, 'Patrice', 'plashmore6f@irs.gov', '531-266-6381', null, 'Senior');
	insert into Employees (eid, did, ename, email, contact, resignedDate, ekind) values (233, 1, 'Anders', 'adomleo6g@smugmug.com', '577-865-0998', '10/7/2021', 'Junior');
	insert into Employees (eid, did, ename, email, contact, resignedDate, ekind) values (234, 9, 'Nancie', 'nriglar6h@sina.com.cn', '937-936-3071', null, 'Senior');
	insert into Employees (eid, did, ename, email, contact, resignedDate, ekind) values (235, 20, 'Loydie', 'lshercliff6i@pinterest.com', '556-351-8036', null, 'Junior');
	insert into Employees (eid, did, ename, email, contact, resignedDate, ekind) values (236, 19, 'Donnell', 'drizzardini6j@hexun.com', '658-525-1806', null, 'Junior');
	insert into Employees (eid, did, ename, email, contact, resignedDate, ekind) values (237, 20, 'Berni', 'bpencost6k@state.tx.us', '534-575-6343', null, 'Junior');
	insert into Employees (eid, did, ename, email, contact, resignedDate, ekind) values (238, 23, 'Clyde', 'cmacbeth6l@dyndns.org', '594-680-5005', null, 'Manager');
	insert into Employees (eid, did, ename, email, contact, resignedDate, ekind) values (239, 16, 'Phip', 'pcollabine6m@reference.com', '327-378-3959', '2/14/2024', 'Manager');
	insert into Employees (eid, did, ename, email, contact, resignedDate, ekind) values (240, 12, 'Louis', 'lcorzon6n@hud.gov', '649-716-7739', null, 'Senior');
	insert into Employees (eid, did, ename, email, contact, resignedDate, ekind) values (241, 5, 'Cindi', 'cregglar6o@sciencedaily.com', '565-636-1507', '6/16/2022', 'Junior');
	insert into Employees (eid, did, ename, email, contact, resignedDate, ekind) values (242, 23, 'Marissa', 'msanto6p@netvibes.com', '239-246-0692', null, 'Senior');
	insert into Employees (eid, did, ename, email, contact, resignedDate, ekind) values (243, 20, 'Liane', 'lrysdale6q@npr.org', '320-767-2177', null, 'Senior');
	insert into Employees (eid, did, ename, email, contact, resignedDate, ekind) values (244, 5, 'Ashlee', 'abergen6r@pen.io', '268-647-6486', '11/18/2019', 'Junior');
	insert into Employees (eid, did, ename, email, contact, resignedDate, ekind) values (245, 12, 'Reba', 'rbocock6s@unblog.fr', '362-469-6685', '7/11/2025', 'Senior');
	insert into Employees (eid, did, ename, email, contact, resignedDate, ekind) values (246, 18, 'Tonye', 'tdragoe6t@xinhuanet.com', '943-659-8300', null, 'Senior');
	insert into Employees (eid, did, ename, email, contact, resignedDate, ekind) values (247, 9, 'Hamid', 'hmcnuff6u@blinklist.com', '427-833-2903', null, 'Senior');
	insert into Employees (eid, did, ename, email, contact, resignedDate, ekind) values (248, 13, 'Forester', 'fgammidge6v@miitbeian.gov.cn', '952-130-2595', null, 'Senior');
	insert into Employees (eid, did, ename, email, contact, resignedDate, ekind) values (249, 22, 'Marta', 'mroyan6w@rediff.com', '612-546-2768', null, 'Manager');
	insert into Employees (eid, did, ename, email, contact, resignedDate, ekind) values (250, 10, 'Kylen', 'kwathell6x@ftc.gov', '799-456-8924', null, 'Manager');
	insert into Employees (eid, did, ename, email, contact, resignedDate, ekind) values (251, 24, 'Robbert', 'rbehnecken6y@forbes.com', '413-990-3221', null, 'Junior');
	insert into Employees (eid, did, ename, email, contact, resignedDate, ekind) values (252, 24, 'Orland', 'ojaine6z@cbsnews.com', '326-437-9912', null, 'Junior');
	insert into Employees (eid, did, ename, email, contact, resignedDate, ekind) values (253, 10, 'Maryrose', 'mfrancie70@eepurl.com', '395-507-1207', null, 'Manager');
	insert into Employees (eid, did, ename, email, contact, resignedDate, ekind) values (254, 13, 'Gothart', 'ghankard71@hubpages.com', '851-842-3731', null, 'Senior');
	insert into Employees (eid, did, ename, email, contact, resignedDate, ekind) values (255, 12, 'Julienne', 'jmorphew72@github.com', '134-105-8186', null, 'Manager');
	insert into Employees (eid, did, ename, email, contact, resignedDate, ekind) values (256, 22, 'Rinaldo', 'rmoorfield73@ycombinator.com', '886-762-1184', null, 'Manager');
	insert into Employees (eid, did, ename, email, contact, resignedDate, ekind) values (257, 12, 'Kylie', 'kaistrop74@reference.com', '494-505-3022', null, 'Junior');
	insert into Employees (eid, did, ename, email, contact, resignedDate, ekind) values (258, 2, 'Kev', 'klowden75@ed.gov', '971-824-5163', null, 'Senior');
	insert into Employees (eid, did, ename, email, contact, resignedDate, ekind) values (259, 1, 'Luther', 'lkevlin76@wsj.com', '252-122-1792', null, 'Manager');
	insert into Employees (eid, did, ename, email, contact, resignedDate, ekind) values (260, 9, 'Leo', 'loxtaby77@deliciousdays.com', '203-374-4669', null, 'Senior');
	insert into Employees (eid, did, ename, email, contact, resignedDate, ekind) values (261, 5, 'Diane-marie', 'dbertenshaw78@sourceforge.net', '189-336-5623', null, 'Manager');
	insert into Employees (eid, did, ename, email, contact, resignedDate, ekind) values (262, 13, 'Tabbi', 'tyosevitz79@ehow.com', '155-895-8070', null, 'Junior');
	insert into Employees (eid, did, ename, email, contact, resignedDate, ekind) values (263, 24, 'Zaccaria', 'zsimond7a@miitbeian.gov.cn', '882-476-3159', null, 'Senior');
	insert into Employees (eid, did, ename, email, contact, resignedDate, ekind) values (264, 11, 'Christopher', 'cbasset7b@webeden.co.uk', '260-808-5494', null, 'Junior');
	insert into Employees (eid, did, ename, email, contact, resignedDate, ekind) values (265, 1, 'Anthiathia', 'agilliat7c@squarespace.com', '792-548-7513', null, 'Senior');
	insert into Employees (eid, did, ename, email, contact, resignedDate, ekind) values (266, 23, 'Andria', 'adunhill7d@techcrunch.com', '259-704-0017', null, 'Junior');
	insert into Employees (eid, did, ename, email, contact, resignedDate, ekind) values (267, 6, 'Carly', 'cgarlick7e@prweb.com', '782-696-6308', null, 'Junior');
	insert into Employees (eid, did, ename, email, contact, resignedDate, ekind) values (268, 5, 'Modesta', 'mscutter7f@vimeo.com', '787-230-8735', null, 'Manager');
	insert into Employees (eid, did, ename, email, contact, resignedDate, ekind) values (269, 7, 'Cathleen', 'cboomes7g@purevolume.com', '420-304-5570', null, 'Senior');
	insert into Employees (eid, did, ename, email, contact, resignedDate, ekind) values (270, 17, 'Dilan', 'dmcguire7h@jimdo.com', '876-261-7949', null, 'Manager');
	insert into Employees (eid, did, ename, email, contact, resignedDate, ekind) values (271, 19, 'Lorrie', 'ldavidovits7i@berkeley.edu', '103-693-1873', null, 'Junior');
	insert into Employees (eid, did, ename, email, contact, resignedDate, ekind) values (272, 15, 'Ripley', 'rtonner7j@reverbnation.com', '112-988-5509', '11/28/2025', 'Manager');
	insert into Employees (eid, did, ename, email, contact, resignedDate, ekind) values (273, 22, 'Raquela', 'rmidden7k@blinklist.com', '970-918-3106', null, 'Manager');
	insert into Employees (eid, did, ename, email, contact, resignedDate, ekind) values (274, 2, 'Kiele', 'kbromehed7l@nhs.uk', '974-946-3968', null, 'Senior');
	insert into Employees (eid, did, ename, email, contact, resignedDate, ekind) values (275, 21, 'Alene', 'amccurlye7m@deliciousdays.com', '795-772-2125', null, 'Senior');
	insert into Employees (eid, did, ename, email, contact, resignedDate, ekind) values (276, 9, 'Doll', 'dspyby7n@quantcast.com', '507-113-4401', null, 'Senior');
	insert into Employees (eid, did, ename, email, contact, resignedDate, ekind) values (277, 22, 'Bobby', 'bgorring7o@nymag.com', '779-261-9652', null, 'Junior');
	insert into Employees (eid, did, ename, email, contact, resignedDate, ekind) values (278, 13, 'Papageno', 'pkless7p@cmu.edu', '363-886-5352', null, 'Junior');
	insert into Employees (eid, did, ename, email, contact, resignedDate, ekind) values (279, 4, 'Devin', 'dspaice7q@constantcontact.com', '499-751-1648', null, 'Senior');
	insert into Employees (eid, did, ename, email, contact, resignedDate, ekind) values (280, 17, 'Bryanty', 'bjones7r@wikipedia.org', '728-201-1437', null, 'Junior');
	insert into Employees (eid, did, ename, email, contact, resignedDate, ekind) values (281, 20, 'Danella', 'dgiorgio7s@mtv.com', '612-523-1849', null, 'Senior');
	insert into Employees (eid, did, ename, email, contact, resignedDate, ekind) values (282, 4, 'Rabi', 'rtwelvetrees7t@craigslist.org', '965-908-3779', null, 'Manager');
	insert into Employees (eid, did, ename, email, contact, resignedDate, ekind) values (283, 12, 'Nat', 'nconnock7u@vkontakte.ru', '724-142-4170', null, 'Junior');
	insert into Employees (eid, did, ename, email, contact, resignedDate, ekind) values (284, 20, 'Ford', 'ftooley7v@nytimes.com', '267-572-6773', null, 'Senior');
	insert into Employees (eid, did, ename, email, contact, resignedDate, ekind) values (285, 10, 'Monty', 'mwhapples7w@nsw.gov.au', '123-138-8714', null, 'Manager');
	insert into Employees (eid, did, ename, email, contact, resignedDate, ekind) values (286, 16, 'Cristian', 'cdorrins7x@twitter.com', '962-455-4289', null, 'Junior');
	insert into Employees (eid, did, ename, email, contact, resignedDate, ekind) values (287, 23, 'Kenton', 'kcrooks7y@ft.com', '297-535-0100', null, 'Junior');
	insert into Employees (eid, did, ename, email, contact, resignedDate, ekind) values (288, 9, 'Parrnell', 'pdriffill7z@cocolog-nifty.com', '213-379-2210', null, 'Senior');
	insert into Employees (eid, did, ename, email, contact, resignedDate, ekind) values (289, 19, 'Jemmy', 'jtiery80@prlog.org', '659-523-3016', null, 'Manager');
	insert into Employees (eid, did, ename, email, contact, resignedDate, ekind) values (290, 21, 'Kippy', 'kmenary81@adobe.com', '170-530-6426', null, 'Junior');
	insert into Employees (eid, did, ename, email, contact, resignedDate, ekind) values (291, 23, 'Chev', 'csiveyer82@tripadvisor.com', '379-830-9845', null, 'Senior');
	insert into Employees (eid, did, ename, email, contact, resignedDate, ekind) values (292, 8, 'Alley', 'ahamsher83@163.com', '723-459-0581', null, 'Junior');
	insert into Employees (eid, did, ename, email, contact, resignedDate, ekind) values (293, 14, 'Hendrik', 'hpiniur84@spotify.com', '915-728-2733', null, 'Junior');
	insert into Employees (eid, did, ename, email, contact, resignedDate, ekind) values (294, 24, 'Willdon', 'wbrehault85@shinystat.com', '848-413-0693', null, 'Manager');
	insert into Employees (eid, did, ename, email, contact, resignedDate, ekind) values (295, 17, 'Pablo', 'pkirimaa86@ehow.com', '687-732-1970', null, 'Senior');
	insert into Employees (eid, did, ename, email, contact, resignedDate, ekind) values (296, 24, 'Dedra', 'djeremaes87@over-blog.com', '780-968-0580', null, 'Junior');
	insert into Employees (eid, did, ename, email, contact, resignedDate, ekind) values (297, 1, 'Anabel', 'amorcombe88@ifeng.com', '972-130-2074', null, 'Manager');
	insert into Employees (eid, did, ename, email, contact, resignedDate, ekind) values (298, 20, 'Sarena', 'snorquoy89@ibm.com', '326-177-9973', null, 'Junior');
	insert into Employees (eid, did, ename, email, contact, resignedDate, ekind) values (299, 2, 'Deerdre', 'dpetroulis8a@zimbio.com', '462-329-6609', null, 'Senior');
	insert into Employees (eid, did, ename, email, contact, resignedDate, ekind) values (300, 16, 'Alessandra', 'abascombe8b@cbslocal.com', '708-760-5025', null, 'Senior');
	insert into Employees (eid, did, ename, email, contact, resignedDate, ekind) values (301, 4, 'Donall', 'dtreherne8c@taobao.com', '499-244-2175', null, 'Senior');
	insert into Employees (eid, did, ename, email, contact, resignedDate, ekind) values (302, 13, 'Wells', 'wdonisi8d@guardian.co.uk', '357-176-0891', null, 'Senior');
	insert into Employees (eid, did, ename, email, contact, resignedDate, ekind) values (303, 8, 'Clarice', 'cprosh8e@i2i.jp', '385-627-2433', null, 'Manager');
	insert into Employees (eid, did, ename, email, contact, resignedDate, ekind) values (304, 8, 'Jenilee', 'jspatig8f@pagesperso-orange.fr', '956-533-6036', null, 'Junior');
	insert into Employees (eid, did, ename, email, contact, resignedDate, ekind) values (305, 5, 'Lainey', 'ltumayan8g@narod.ru', '536-285-3331', '8/25/2021', 'Senior');
	insert into Employees (eid, did, ename, email, contact, resignedDate, ekind) values (306, 13, 'Gnni', 'gcescon8h@amazon.co.jp', '351-517-1912', null, 'Senior');
	insert into Employees (eid, did, ename, email, contact, resignedDate, ekind) values (307, 7, 'Benni', 'bcashen8i@go.com', '204-470-5753', null, 'Senior');
	insert into Employees (eid, did, ename, email, contact, resignedDate, ekind) values (308, 15, 'Esther', 'earmit8j@altervista.org', '168-264-6871', null, 'Manager');
	insert into Employees (eid, did, ename, email, contact, resignedDate, ekind) values (309, 16, 'Dasi', 'dmackall8k@zimbio.com', '463-792-1980', null, 'Manager');
	insert into Employees (eid, did, ename, email, contact, resignedDate, ekind) values (310, 5, 'Avrit', 'adoelle8l@prlog.org', '154-939-6123', null, 'Manager');
	insert into Employees (eid, did, ename, email, contact, resignedDate, ekind) values (311, 19, 'Waverley', 'wgillbe8m@dailymotion.com', '630-490-8651', null, 'Senior');
	insert into Employees (eid, did, ename, email, contact, resignedDate, ekind) values (312, 9, 'Demetra', 'dquidenham8n@purevolume.com', '262-245-7006', null, 'Junior');
	insert into Employees (eid, did, ename, email, contact, resignedDate, ekind) values (313, 13, 'Abby', 'abithell8o@freewebs.com', '159-153-1769', null, 'Junior');
	insert into Employees (eid, did, ename, email, contact, resignedDate, ekind) values (314, 22, 'Ruben', 'rrobey8p@pcworld.com', '843-896-3112', null, 'Senior');
	insert into Employees (eid, did, ename, email, contact, resignedDate, ekind) values (315, 19, 'Sumner', 'sgittins8q@boston.com', '940-423-2762', null, 'Junior');
	insert into Employees (eid, did, ename, email, contact, resignedDate, ekind) values (316, 12, 'Carolee', 'cwindridge8r@ning.com', '782-199-9346', null, 'Manager');
	insert into Employees (eid, did, ename, email, contact, resignedDate, ekind) values (317, 7, 'Portia', 'pbringloe8s@nationalgeographic.com', '384-680-7650', '2/5/2020', 'Senior');
	insert into Employees (eid, did, ename, email, contact, resignedDate, ekind) values (318, 13, 'Magdalena', 'mmeric8t@slashdot.org', '774-704-0959', null, 'Manager');
	insert into Employees (eid, did, ename, email, contact, resignedDate, ekind) values (319, 17, 'Cammy', 'cmccurtain8u@creativecommons.org', '864-594-0019', '2/3/2023', 'Junior');
	insert into Employees (eid, did, ename, email, contact, resignedDate, ekind) values (320, 12, 'Zondra', 'zmckevany8v@umn.edu', '285-704-2423', null, 'Senior');
	insert into Employees (eid, did, ename, email, contact, resignedDate, ekind) values (321, 16, 'Danila', 'dkneeshaw8w@istockphoto.com', '755-788-1101', null, 'Junior');
	insert into Employees (eid, did, ename, email, contact, resignedDate, ekind) values (322, 16, 'Odell', 'ostallon8x@slashdot.org', '322-343-9186', null, 'Manager');
	insert into Employees (eid, did, ename, email, contact, resignedDate, ekind) values (323, 14, 'Annice', 'aheading8y@bigcartel.com', '831-751-1379', null, 'Senior');
	insert into Employees (eid, did, ename, email, contact, resignedDate, ekind) values (324, 12, 'Ursola', 'ucarder8z@parallels.com', '850-725-8755', null, 'Senior');
	insert into Employees (eid, did, ename, email, contact, resignedDate, ekind) values (325, 9, 'Isidore', 'ikittow90@parallels.com', '858-660-1884', '9/8/2021', 'Junior');
	insert into Employees (eid, did, ename, email, contact, resignedDate, ekind) values (326, 18, 'Stephanie', 'sneville91@fastcompany.com', '829-280-6441', null, 'Junior');
	insert into Employees (eid, did, ename, email, contact, resignedDate, ekind) values (327, 18, 'Georgie', 'gredmire92@aboutads.info', '419-896-0503', null, 'Manager');
	insert into Employees (eid, did, ename, email, contact, resignedDate, ekind) values (328, 14, 'Giff', 'gduding93@com.com', '656-313-6014', '4/5/2019', 'Manager');
	insert into Employees (eid, did, ename, email, contact, resignedDate, ekind) values (329, 10, 'Corney', 'ccrooks94@apple.com', '169-320-9843', null, 'Senior');
	insert into Employees (eid, did, ename, email, contact, resignedDate, ekind) values (330, 19, 'Neilla', 'ndymock95@yellowpages.com', '766-236-9863', null, 'Manager');
	insert into Employees (eid, did, ename, email, contact, resignedDate, ekind) values (331, 5, 'Libbey', 'ldillet96@dion.ne.jp', '432-487-0896', null, 'Junior');
	insert into Employees (eid, did, ename, email, contact, resignedDate, ekind) values (332, 2, 'Barnebas', 'beast97@issuu.com', '509-251-7142', null, 'Junior');
	insert into Employees (eid, did, ename, email, contact, resignedDate, ekind) values (333, 23, 'Virgie', 'vroy98@edublogs.org', '887-308-7463', null, 'Manager');
	insert into Employees (eid, did, ename, email, contact, resignedDate, ekind) values (334, 24, 'Carmita', 'creville99@wikia.com', '556-825-3065', null, 'Manager');
	insert into Employees (eid, did, ename, email, contact, resignedDate, ekind) values (335, 25, 'Parke', 'pmunday9a@telegraph.co.uk', '263-641-9202', null, 'Senior');
	insert into Employees (eid, did, ename, email, contact, resignedDate, ekind) values (336, 11, 'Aldo', 'agotts9b@ustream.tv', '781-374-0187', null, 'Senior');
	insert into Employees (eid, did, ename, email, contact, resignedDate, ekind) values (337, 5, 'Teresa', 'tcrayk9c@rediff.com', '559-181-5247', null, 'Senior');
	insert into Employees (eid, did, ename, email, contact, resignedDate, ekind) values (338, 19, 'Kalindi', 'kramelet9d@umich.edu', '989-528-7511', null, 'Senior');
	insert into Employees (eid, did, ename, email, contact, resignedDate, ekind) values (339, 10, 'Welbie', 'whaggish9e@home.pl', '304-913-6469', null, 'Manager');
	insert into Employees (eid, did, ename, email, contact, resignedDate, ekind) values (340, 22, 'Ilka', 'iservis9f@list-manage.com', '829-424-2371', null, 'Junior');
	insert into Employees (eid, did, ename, email, contact, resignedDate, ekind) values (341, 5, 'Bennett', 'bladbrook9g@nih.gov', '932-981-7805', '10/27/2022', 'Manager');
	insert into Employees (eid, did, ename, email, contact, resignedDate, ekind) values (342, 4, 'Yelena', 'yjonah9h@devhub.com', '800-267-2103', null, 'Senior');
	insert into Employees (eid, did, ename, email, contact, resignedDate, ekind) values (343, 14, 'Marnie', 'msemark9i@eepurl.com', '879-464-5915', null, 'Manager');
	insert into Employees (eid, did, ename, email, contact, resignedDate, ekind) values (344, 22, 'Abbey', 'aocorrane9j@so-net.ne.jp', '772-298-6241', null, 'Manager');
	insert into Employees (eid, did, ename, email, contact, resignedDate, ekind) values (345, 22, 'Wilmette', 'wcanto9k@usda.gov', '161-224-8850', null, 'Senior');
	insert into Employees (eid, did, ename, email, contact, resignedDate, ekind) values (346, 10, 'Linnet', 'lbrierton9l@mashable.com', '734-878-3286', null, 'Manager');
	insert into Employees (eid, did, ename, email, contact, resignedDate, ekind) values (347, 20, 'Amos', 'amilvarnie9m@t.co', '824-276-9696', null, 'Manager');
	insert into Employees (eid, did, ename, email, contact, resignedDate, ekind) values (348, 6, 'Lorri', 'lcharke9n@epa.gov', '477-811-5367', null, 'Junior');
	insert into Employees (eid, did, ename, email, contact, resignedDate, ekind) values (349, 17, 'Celina', 'cstockley9o@deviantart.com', '974-417-8667', null, 'Junior');
	insert into Employees (eid, did, ename, email, contact, resignedDate, ekind) values (350, 14, 'Tonnie', 'tsummers9p@stumbleupon.com', '864-419-3723', null, 'Senior');
	insert into Employees (eid, did, ename, email, contact, resignedDate, ekind) values (351, 10, 'Johnnie', 'joherlihy9q@edublogs.org', '886-311-2955', null, 'Manager');
	insert into Employees (eid, did, ename, email, contact, resignedDate, ekind) values (352, 23, 'Rabbi', 'rbagguley9r@bizjournals.com', '390-832-1256', null, 'Manager');
	insert into Employees (eid, did, ename, email, contact, resignedDate, ekind) values (353, 7, 'Obie', 'overlinde9s@cdc.gov', '611-107-4836', '9/12/2019', 'Manager');
	insert into Employees (eid, did, ename, email, contact, resignedDate, ekind) values (354, 10, 'Lenka', 'lmillichap9t@wikimedia.org', '740-322-3581', null, 'Junior');
	insert into Employees (eid, did, ename, email, contact, resignedDate, ekind) values (355, 13, 'Vania', 'vcrosfield9u@buzzfeed.com', '148-972-5666', null, 'Junior');
	insert into Employees (eid, did, ename, email, contact, resignedDate, ekind) values (356, 2, 'Ruthy', 'rcourtin9v@blinklist.com', '985-900-8514', null, 'Manager');
	insert into Employees (eid, did, ename, email, contact, resignedDate, ekind) values (357, 18, 'Daryn', 'divashchenko9w@intel.com', '152-435-1250', '8/6/2021', 'Junior');
	insert into Employees (eid, did, ename, email, contact, resignedDate, ekind) values (358, 1, 'Evy', 'equinney9x@toplist.cz', '787-934-8133', null, 'Senior');
	insert into Employees (eid, did, ename, email, contact, resignedDate, ekind) values (359, 1, 'Bernete', 'bkeysel9y@wsj.com', '124-788-9026', null, 'Senior');
	insert into Employees (eid, did, ename, email, contact, resignedDate, ekind) values (360, 4, 'Mitchel', 'mcuddihy9z@bloomberg.com', '580-962-1908', null, 'Junior');
	insert into Employees (eid, did, ename, email, contact, resignedDate, ekind) values (361, 10, 'Abbott', 'amuckarta0@dailymail.co.uk', '448-715-6307', '3/31/2024', 'Manager');
	insert into Employees (eid, did, ename, email, contact, resignedDate, ekind) values (362, 14, 'Gussi', 'gedgerlya1@mediafire.com', '311-254-4362', null, 'Senior');
	insert into Employees (eid, did, ename, email, contact, resignedDate, ekind) values (363, 4, 'Giacopo', 'ghoogendorpa2@godaddy.com', '318-386-7789', null, 'Manager');
	insert into Employees (eid, did, ename, email, contact, resignedDate, ekind) values (364, 16, 'Axel', 'amcbreartya3@blogtalkradio.com', '608-220-5495', null, 'Manager');
	insert into Employees (eid, did, ename, email, contact, resignedDate, ekind) values (365, 15, 'Hubey', 'hbythewaya4@techcrunch.com', '374-860-6402', null, 'Manager');
	insert into Employees (eid, did, ename, email, contact, resignedDate, ekind) values (366, 10, 'Howie', 'hbostona5@yahoo.com', '576-950-9061', '1/18/2020', 'Senior');
	insert into Employees (eid, did, ename, email, contact, resignedDate, ekind) values (367, 9, 'Berni', 'bmordantia6@dot.gov', '977-944-2975', null, 'Senior');
	insert into Employees (eid, did, ename, email, contact, resignedDate, ekind) values (368, 15, 'Franchot', 'fsaylora7@flavors.me', '970-623-3084', null, 'Junior');
	insert into Employees (eid, did, ename, email, contact, resignedDate, ekind) values (369, 1, 'Giffie', 'gchampionneta8@booking.com', '760-730-4554', null, 'Junior');
	insert into Employees (eid, did, ename, email, contact, resignedDate, ekind) values (370, 16, 'Sylvan', 'sguerrieria9@tmall.com', '308-980-1379', null, 'Junior');
	insert into Employees (eid, did, ename, email, contact, resignedDate, ekind) values (371, 5, 'Timothee', 'tsommertonaa@webnode.com', '473-156-7404', null, 'Junior');
	insert into Employees (eid, did, ename, email, contact, resignedDate, ekind) values (372, 7, 'Daven', 'dhazeldeanab@webnode.com', '650-906-8953', null, 'Manager');
	insert into Employees (eid, did, ename, email, contact, resignedDate, ekind) values (373, 12, 'Augustin', 'agittoseac@webmd.com', '791-541-3524', '6/11/2023', 'Manager');
	insert into Employees (eid, did, ename, email, contact, resignedDate, ekind) values (374, 23, 'Gwendolyn', 'gmckeneyad@ca.gov', '247-545-0877', null, 'Senior');
	insert into Employees (eid, did, ename, email, contact, resignedDate, ekind) values (375, 21, 'Alon', 'acordayae@indiatimes.com', '802-186-6865', null, 'Junior');
	insert into Employees (eid, did, ename, email, contact, resignedDate, ekind) values (376, 2, 'Brooke', 'bmcgillivrieaf@youtu.be', '446-901-7264', null, 'Senior');
	insert into Employees (eid, did, ename, email, contact, resignedDate, ekind) values (377, 14, 'Britte', 'belcoxag@chicagotribune.com', '579-589-6705', null, 'Senior');
	insert into Employees (eid, did, ename, email, contact, resignedDate, ekind) values (378, 12, 'Nananne', 'ndixah@meetup.com', '412-550-1867', null, 'Senior');
	insert into Employees (eid, did, ename, email, contact, resignedDate, ekind) values (379, 24, 'Cornelle', 'ctrowai@dyndns.org', '429-840-8300', '5/26/2023', 'Manager');
	insert into Employees (eid, did, ename, email, contact, resignedDate, ekind) values (380, 15, 'Cecil', 'cmugfordaj@wp.com', '653-979-2259', null, 'Manager');
	insert into Employees (eid, did, ename, email, contact, resignedDate, ekind) values (381, 2, 'Phaidra', 'phallsworthak@psu.edu', '770-691-6856', null, 'Junior');
	insert into Employees (eid, did, ename, email, contact, resignedDate, ekind) values (382, 8, 'Emogene', 'eparrenal@sakura.ne.jp', '316-440-1762', null, 'Senior');
	insert into Employees (eid, did, ename, email, contact, resignedDate, ekind) values (383, 16, 'Elly', 'ejurczakam@mozilla.org', '692-375-7360', '10/8/2025', 'Senior');
	insert into Employees (eid, did, ename, email, contact, resignedDate, ekind) values (384, 18, 'Deloria', 'dchippsan@1688.com', '776-805-7945', null, 'Manager');
	insert into Employees (eid, did, ename, email, contact, resignedDate, ekind) values (385, 20, 'Lloyd', 'ldeneveao@tumblr.com', '637-924-5889', null, 'Junior');
	insert into Employees (eid, did, ename, email, contact, resignedDate, ekind) values (386, 7, 'Kizzee', 'klafoyap@upenn.edu', '618-410-4091', null, 'Manager');
	insert into Employees (eid, did, ename, email, contact, resignedDate, ekind) values (387, 9, 'Haleigh', 'hpasheaq@vinaora.com', '222-295-4270', null, 'Manager');
	insert into Employees (eid, did, ename, email, contact, resignedDate, ekind) values (388, 11, 'Nikos', 'nbitchenoar@mashable.com', '781-367-8534', null, 'Manager');
	insert into Employees (eid, did, ename, email, contact, resignedDate, ekind) values (389, 7, 'Jocelin', 'jtweedyas@nationalgeographic.com', '409-535-2150', null, 'Manager');
	insert into Employees (eid, did, ename, email, contact, resignedDate, ekind) values (390, 11, 'Stavros', 'ssuttellat@istockphoto.com', '293-475-5648', null, 'Senior');
	insert into Employees (eid, did, ename, email, contact, resignedDate, ekind) values (391, 8, 'Aldous', 'ascholtzau@omniture.com', '112-935-5258', null, 'Junior');
	insert into Employees (eid, did, ename, email, contact, resignedDate, ekind) values (392, 15, 'Rasla', 'rblowingav@stanford.edu', '387-561-4268', null, 'Senior');
	insert into Employees (eid, did, ename, email, contact, resignedDate, ekind) values (393, 13, 'Chas', 'crozanskiaw@fema.gov', '156-488-4388', null, 'Senior');
	insert into Employees (eid, did, ename, email, contact, resignedDate, ekind) values (394, 23, 'Alric', 'agonneauax@webnode.com', '793-355-7404', null, 'Junior');
	insert into Employees (eid, did, ename, email, contact, resignedDate, ekind) values (395, 10, 'Goldia', 'gsivioray@comsenz.com', '740-494-0335', null, 'Manager');
	insert into Employees (eid, did, ename, email, contact, resignedDate, ekind) values (396, 6, 'Viva', 'vpridieaz@europa.eu', '312-600-7697', null, 'Manager');
	insert into Employees (eid, did, ename, email, contact, resignedDate, ekind) values (397, 21, 'Tom', 'twestcarrb0@themeforest.net', '990-473-9686', null, 'Senior');
	insert into Employees (eid, did, ename, email, contact, resignedDate, ekind) values (398, 8, 'Athena', 'aparkynb1@intel.com', '994-162-3108', null, 'Manager');
	insert into Employees (eid, did, ename, email, contact, resignedDate, ekind) values (399, 2, 'Jobey', 'jbatchelderb2@youtu.be', '429-937-4961', null, 'Junior');
	insert into Employees (eid, did, ename, email, contact, resignedDate, ekind) values (400, 11, 'Iosep', 'ieyamb3@tmall.com', '142-979-2895', null, 'Senior');
END;
$$ LANGUAGE sql;

CREATE OR REPLACE PROCEDURE ini_rooms() AS $$
BEGIN
	insert into MeetingRooms (floors, room, rname, capacity, update_date, did) values (5, 20, 'Stark, Marvin and Schmeler', null, '12/17/2020', 25);
	insert into MeetingRooms (floors, room, rname, capacity, update_date, did) values (25, 31, 'Hartmann, Larson and Stoltenberg', null, '1/13/2021', 18);
	insert into MeetingRooms (floors, room, rname, capacity, update_date, did) values (24, 99, 'Parisian, Daugherty and Hane', null, '4/8/2021', 2);
	insert into MeetingRooms (floors, room, rname, capacity, update_date, did) values (39, 32, 'Lebsack-Kunde', null, '7/18/2021', 5);
	insert into MeetingRooms (floors, room, rname, capacity, update_date, did) values (44, 42, 'Maggio and Sons', null, '10/17/2021', 12);
	insert into MeetingRooms (floors, room, rname, capacity, update_date, did) values (62, 3, 'Boehm and Sons', 22, '10/4/2021', 13);
	insert into MeetingRooms (floors, room, rname, capacity, update_date, did) values (77, 6, 'Stroman-Murray', 34, '11/18/2020', 12);
	insert into MeetingRooms (floors, room, rname, capacity, update_date, did) values (23, 23, 'Huel-Walsh', 287, '10/27/2021', 21);
	insert into MeetingRooms (floors, room, rname, capacity, update_date, did) values (28, 20, 'Conroy, Breitenberg and Klein', null, '10/15/2021', 5);
	insert into MeetingRooms (floors, room, rname, capacity, update_date, did) values (39, 42, 'Cole, Heller and Konopelski', null, '12/27/2020', 15);
	insert into MeetingRooms (floors, room, rname, capacity, update_date, did) values (42, 40, 'Beahan LLC', 20, '11/22/2020', 17);
	insert into MeetingRooms (floors, room, rname, capacity, update_date, did) values (17, 47, 'Murray, Oberbrunner and Beahan', null, '1/27/2021', 6);
	insert into MeetingRooms (floors, room, rname, capacity, update_date, did) values (84, 84, 'Borer-Sporer', 119, '12/1/2020', 17);
	insert into MeetingRooms (floors, room, rname, capacity, update_date, did) values (52, 11, 'Cartwright and Sons', null, '2/13/2021', 14);
	insert into MeetingRooms (floors, room, rname, capacity, update_date, did) values (32, 33, 'Walker-Kemmer', 442, '3/9/2021', 22);
	insert into MeetingRooms (floors, room, rname, capacity, update_date, did) values (73, 65, 'Donnelly-Gislason', 254, '3/15/2021', 22);
	insert into MeetingRooms (floors, room, rname, capacity, update_date, did) values (71, 89, 'Johns, Stiedemann and Davis', 184, '4/21/2021', 9);
	insert into MeetingRooms (floors, room, rname, capacity, update_date, did) values (13, 89, 'Kozey, Marks and Nicolas', null, '12/17/2020', 7);
	insert into MeetingRooms (floors, room, rname, capacity, update_date, did) values (96, 20, 'Gottlieb-Grant', null, '4/24/2021', 16);
	insert into MeetingRooms (floors, room, rname, capacity, update_date, did) values (22, 23, 'Lubowitz LLC', null, '1/21/2021', 23);
	insert into MeetingRooms (floors, room, rname, capacity, update_date, did) values (7, 43, 'Osinski, Connelly and Mann', 392, '9/3/2021', 11);
	insert into MeetingRooms (floors, room, rname, capacity, update_date, did) values (45, 46, 'Lehner, Wilderman and Mayert', 5, '11/1/2021', 24);
	insert into MeetingRooms (floors, room, rname, capacity, update_date, did) values (38, 97, 'Kuphal LLC', 412, '4/21/2021', 6);
	insert into MeetingRooms (floors, room, rname, capacity, update_date, did) values (2, 18, 'Powlowski, Keebler and Daugherty', 30, '6/23/2021', 9);
	insert into MeetingRooms (floors, room, rname, capacity, update_date, did) values (54, 28, 'Grady Inc', 97, '1/14/2021', 1);
	insert into MeetingRooms (floors, room, rname, capacity, update_date, did) values (77, 6, 'Bergnaum Inc', 211, '7/5/2021', 9);
	insert into MeetingRooms (floors, room, rname, capacity, update_date, did) values (29, 24, 'Walsh, Hand and Tillman', null, '10/22/2021', 21);
	insert into MeetingRooms (floors, room, rname, capacity, update_date, did) values (78, 93, 'Rutherford, McLaughlin and Boehm', null, '12/26/2020', 20);
	insert into MeetingRooms (floors, room, rname, capacity, update_date, did) values (30, 47, 'Dooley, Rowe and Jaskolski', 424, '8/4/2021', 7);
	insert into MeetingRooms (floors, room, rname, capacity, update_date, did) values (35, 58, 'Greenholt-Prosacco', 23, '2/27/2021', 11);
	insert into MeetingRooms (floors, room, rname, capacity, update_date, did) values (7, 6, 'Smitham Group', null, '6/9/2021', 21);
	insert into MeetingRooms (floors, room, rname, capacity, update_date, did) values (36, 59, 'Pfannerstill Inc', 451, '11/15/2020', 10);
	insert into MeetingRooms (floors, room, rname, capacity, update_date, did) values (24, 86, 'Schoen Inc', 83, '12/28/2020', 10);
	insert into MeetingRooms (floors, room, rname, capacity, update_date, did) values (24, 6, 'Hansen and Sons', 429, '7/24/2021', 24);
	insert into MeetingRooms (floors, room, rname, capacity, update_date, did) values (8, 65, 'Marks Inc', null, '12/20/2020', 24);
	insert into MeetingRooms (floors, room, rname, capacity, update_date, did) values (9, 46, 'Luettgen LLC', null, '2/13/2021', 10);
	insert into MeetingRooms (floors, room, rname, capacity, update_date, did) values (37, 91, 'Rohan Group', 35, '1/21/2021', 21);
	insert into MeetingRooms (floors, room, rname, capacity, update_date, did) values (14, 45, 'Willms-Gleason', null, '7/19/2021', 16);
	insert into MeetingRooms (floors, room, rname, capacity, update_date, did) values (86, 47, 'Crona-Bergnaum', null, '11/18/2020', 13);
	insert into MeetingRooms (floors, room, rname, capacity, update_date, did) values (9, 2, 'Gorczany, Jacobson and Will', 282, '1/14/2021', 14);
	insert into MeetingRooms (floors, room, rname, capacity, update_date, did) values (78, 79, 'Stroman-Dicki', null, '7/13/2021', 7);
	insert into MeetingRooms (floors, room, rname, capacity, update_date, did) values (47, 17, 'Robel Group', 213, '10/16/2021', 1);
	insert into MeetingRooms (floors, room, rname, capacity, update_date, did) values (51, 89, 'Klein Group', 166, '10/24/2021', 1);
	insert into MeetingRooms (floors, room, rname, capacity, update_date, did) values (30, 45, 'Turner-Bahringer', null, '12/1/2020', 6);
	insert into MeetingRooms (floors, room, rname, capacity, update_date, did) values (60, 33, 'Corkery LLC', null, '9/6/2021', 11);
	insert into MeetingRooms (floors, room, rname, capacity, update_date, did) values (24, 23, 'Vandervort, Kertzmann and Lang', 53, '6/1/2021', 12);
	insert into MeetingRooms (floors, room, rname, capacity, update_date, did) values (14, 93, 'Lynch-Konopelski', null, '8/20/2021', 14);
	insert into MeetingRooms (floors, room, rname, capacity, update_date, did) values (24, 42, 'Herzog and Sons', 367, '10/10/2021', 6);
	insert into MeetingRooms (floors, room, rname, capacity, update_date, did) values (35, 59, 'Fritsch-Grimes', 387, '2/27/2021', 12);
	insert into MeetingRooms (floors, room, rname, capacity, update_date, did) values (41, 97, 'Veum, Hoeger and Jacobs', null, '12/3/2020', 2);
	insert into MeetingRooms (floors, room, rname, capacity, update_date, did) values (31, 27, 'Pacocha, Gutkowski and Gerhold', null, '7/24/2021', 19);
	insert into MeetingRooms (floors, room, rname, capacity, update_date, did) values (10, 88, 'Kertzmann, Johnston and Larson', 483, '3/15/2021', 7);
	insert into MeetingRooms (floors, room, rname, capacity, update_date, did) values (81, 2, 'Pacocha Group', 324, '6/2/2021', 5);
	insert into MeetingRooms (floors, room, rname, capacity, update_date, did) values (32, 28, 'Harvey-Will', null, '5/25/2021', 25);
	insert into MeetingRooms (floors, room, rname, capacity, update_date, did) values (61, 12, 'Johnston-Brown', null, '12/23/2020', 25);
	insert into MeetingRooms (floors, room, rname, capacity, update_date, did) values (95, 30, 'Gibson Inc', 303, '6/9/2021', 13);
	insert into MeetingRooms (floors, room, rname, capacity, update_date, did) values (44, 64, 'Bernhard, Kub and Auer', 241, '5/15/2021', 18);
	insert into MeetingRooms (floors, room, rname, capacity, update_date, did) values (91, 18, 'Bartell-Glover', null, '2/14/2021', 17);
	insert into MeetingRooms (floors, room, rname, capacity, update_date, did) values (22, 46, 'Mosciski Inc', 13, '12/19/2020', 12);
	insert into MeetingRooms (floors, room, rname, capacity, update_date, did) values (89, 18, 'Hahn, Bradtke and Bartoletti', null, '8/22/2021', 21);
	insert into MeetingRooms (floors, room, rname, capacity, update_date, did) values (1, 22, 'Marquardt LLC', 431, '4/20/2021', 24);
	insert into MeetingRooms (floors, room, rname, capacity, update_date, did) values (78, 96, 'Collier, Jenkins and Sauer', null, '3/1/2021', 13);
	insert into MeetingRooms (floors, room, rname, capacity, update_date, did) values (92, 56, 'Lowe, Abernathy and Quigley', 235, '2/26/2021', 11);
	insert into MeetingRooms (floors, room, rname, capacity, update_date, did) values (16, 65, 'Mraz-Halvorson', null, '4/9/2021', 25);
	insert into MeetingRooms (floors, room, rname, capacity, update_date, did) values (69, 90, 'Wilkinson and Sons', null, '4/2/2021', 14);
	insert into MeetingRooms (floors, room, rname, capacity, update_date, did) values (65, 10, 'Brakus, Wolff and Langworth', null, '7/26/2021', 12);
	insert into MeetingRooms (floors, room, rname, capacity, update_date, did) values (52, 3, 'Wilkinson, Yost and Bradtke', 155, '3/26/2021', 17);
	insert into MeetingRooms (floors, room, rname, capacity, update_date, did) values (58, 29, 'Satterfield-Langosh', 162, '3/11/2021', 10);
	insert into MeetingRooms (floors, room, rname, capacity, update_date, did) values (55, 88, 'Walker-Harvey', 379, '11/5/2020', 11);
	insert into MeetingRooms (floors, room, rname, capacity, update_date, did) values (97, 20, 'Bogan, Homenick and Kuhn', 226, '1/14/2021', 21);
	insert into MeetingRooms (floors, room, rname, capacity, update_date, did) values (3, 61, 'VonRueden-Stamm', null, '11/25/2020', 9);
	insert into MeetingRooms (floors, room, rname, capacity, update_date, did) values (92, 42, 'Turner and Sons', 65, '3/30/2021', 22);
	insert into MeetingRooms (floors, room, rname, capacity, update_date, did) values (67, 64, 'Harber, Ebert and Walter', null, '2/1/2021', 5);
	insert into MeetingRooms (floors, room, rname, capacity, update_date, did) values (52, 43, 'Deckow Group', null, '11/23/2020', 9);
	insert into MeetingRooms (floors, room, rname, capacity, update_date, did) values (16, 17, 'Gorczany-Spinka', 443, '10/22/2021', 12);
	insert into MeetingRooms (floors, room, rname, capacity, update_date, did) values (11, 22, 'Fadel-Aufderhar', 305, '9/18/2021', 18);
	insert into MeetingRooms (floors, room, rname, capacity, update_date, did) values (15, 98, 'Roob Group', null, '7/6/2021', 24);
	insert into MeetingRooms (floors, room, rname, capacity, update_date, did) values (95, 53, 'Stark, Ward and Yost', 174, '1/7/2021', 7);
	insert into MeetingRooms (floors, room, rname, capacity, update_date, did) values (61, 42, 'Kuhic-Runte', null, '10/15/2021', 1);
	insert into MeetingRooms (floors, room, rname, capacity, update_date, did) values (7, 76, 'Ritchie-Beatty', 92, '1/11/2021', 4);
	insert into MeetingRooms (floors, room, rname, capacity, update_date, did) values (55, 24, 'Heaney LLC', null, '11/20/2020', 12);
	insert into MeetingRooms (floors, room, rname, capacity, update_date, did) values (42, 21, 'Kassulke-Funk', 455, '6/29/2021', 16);
	insert into MeetingRooms (floors, room, rname, capacity, update_date, did) values (56, 33, 'Bashirian-Labadie', null, '12/11/2020', 25);
	insert into MeetingRooms (floors, room, rname, capacity, update_date, did) values (85, 20, 'Muller Group', 217, '2/19/2021', 5);
	insert into MeetingRooms (floors, room, rname, capacity, update_date, did) values (9, 88, 'Murphy LLC', 221, '7/9/2021', 8);
	insert into MeetingRooms (floors, room, rname, capacity, update_date, did) values (15, 49, 'Ziemann-Beatty', null, '4/25/2021', 16);
	insert into MeetingRooms (floors, room, rname, capacity, update_date, did) values (53, 41, 'Balistreri Inc', null, '11/2/2020', 1);
	insert into MeetingRooms (floors, room, rname, capacity, update_date, did) values (15, 33, 'Greenfelder-Ward', null, '2/20/2021', 6);
	insert into MeetingRooms (floors, room, rname, capacity, update_date, did) values (13, 5, 'Halvorson Inc', 413, '5/15/2021', 8);
	insert into MeetingRooms (floors, room, rname, capacity, update_date, did) values (21, 44, 'Koelpin, Hintz and Rice', null, '5/13/2021', 14);
	insert into MeetingRooms (floors, room, rname, capacity, update_date, did) values (68, 81, 'Kertzmann, Kutch and Thompson', 427, '4/9/2021', 4);
	insert into MeetingRooms (floors, room, rname, capacity, update_date, did) values (20, 55, 'Cole LLC', null, '2/6/2021', 8);
	insert into MeetingRooms (floors, room, rname, capacity, update_date, did) values (35, 14, 'Nitzsche-Bednar', null, '1/29/2021', 15);
	insert into MeetingRooms (floors, room, rname, capacity, update_date, did) values (59, 46, 'Upton, Barrows and Pacocha', 350, '1/5/2021', 13);
	insert into MeetingRooms (floors, room, rname, capacity, update_date, did) values (67, 41, 'Zemlak and Sons', null, '4/1/2021', 20);
	insert into MeetingRooms (floors, room, rname, capacity, update_date, did) values (84, 75, 'Mayert Group', null, '7/9/2021', 2);
	insert into MeetingRooms (floors, room, rname, capacity, update_date, did) values (17, 86, 'Mann and Sons', null, '1/6/2021', 24);
	insert into MeetingRooms (floors, room, rname, capacity, update_date, did) values (67, 97, 'Ortiz-Durgan', 469, '5/1/2021', 16);
	insert into MeetingRooms (floors, room, rname, capacity, update_date, did) values (54, 17, 'Thiel, Littel and Muller', 442, '5/25/2021', 4);
	insert into MeetingRooms (floors, room, rname, capacity, update_date, did) values (77, 31, 'Hansen LLC', 105, '3/21/2021', 5);
END;
$$ LANGUAGE sql;

CREATE OR REPLACE PROCEDURE ini_healthrecord() AS $$
BEGIN
	insert into healthDeclaration (declareDate, temp, fever, eid) values ('6/27/2021', 43.4, null, 24);
	insert into healthDeclaration (declareDate, temp, fever, eid) values ('8/24/2021', 36.8, null, 6);
	insert into healthDeclaration (declareDate, temp, fever, eid) values ('8/23/2021', 33.1, null, 10);
	insert into healthDeclaration (declareDate, temp, fever, eid) values ('5/10/2021', 40.0, null, 20);
	insert into healthDeclaration (declareDate, temp, fever, eid) values ('8/17/2021', 40.9, null, 10);
	insert into healthDeclaration (declareDate, temp, fever, eid) values ('9/18/2021', 34.3, null, 7);
	insert into healthDeclaration (declareDate, temp, fever, eid) values ('7/31/2021', 39.3, null, 7);
	insert into healthDeclaration (declareDate, temp, fever, eid) values ('8/8/2021', 35.8, null, 10);
	insert into healthDeclaration (declareDate, temp, fever, eid) values ('5/22/2021', 42.2, null, 25);
	insert into healthDeclaration (declareDate, temp, fever, eid) values ('8/15/2021', 42.4, null, 14);
	insert into healthDeclaration (declareDate, temp, fever, eid) values ('2/8/2021', 32.7, null, 3);
	insert into healthDeclaration (declareDate, temp, fever, eid) values ('9/16/2021', 43.6, null, 3);
	insert into healthDeclaration (declareDate, temp, fever, eid) values ('7/20/2021', 43.5, false, 19);
	insert into healthDeclaration (declareDate, temp, fever, eid) values ('11/23/2020', 42.9, null, 8);
	insert into healthDeclaration (declareDate, temp, fever, eid) values ('3/30/2021', 38.4, true, 11);
	insert into healthDeclaration (declareDate, temp, fever, eid) values ('6/21/2021', 41.6, null, 24);
	insert into healthDeclaration (declareDate, temp, fever, eid) values ('2/17/2021', 43.0, null, 11);
	insert into healthDeclaration (declareDate, temp, fever, eid) values ('4/16/2021', 39.8, true, 20);
	insert into healthDeclaration (declareDate, temp, fever, eid) values ('6/19/2021', 36.3, null, 9);
	insert into healthDeclaration (declareDate, temp, fever, eid) values ('6/1/2021', 37.0, null, 5);
	insert into healthDeclaration (declareDate, temp, fever, eid) values ('9/21/2021', 37.0, null, 19);
	insert into healthDeclaration (declareDate, temp, fever, eid) values ('11/15/2020', 44.8, null, 6);
	insert into healthDeclaration (declareDate, temp, fever, eid) values ('12/16/2020', 38.2, null, 7);
	insert into healthDeclaration (declareDate, temp, fever, eid) values ('11/1/2021', 34.0, null, 14);
	insert into healthDeclaration (declareDate, temp, fever, eid) values ('8/10/2021', 39.2, null, 15);
	insert into healthDeclaration (declareDate, temp, fever, eid) values ('5/3/2021', 40.3, false, 9);
	insert into healthDeclaration (declareDate, temp, fever, eid) values ('9/21/2021', 35.8, null, 17);
	insert into healthDeclaration (declareDate, temp, fever, eid) values ('4/30/2021', 35.2, null, 22);
	insert into healthDeclaration (declareDate, temp, fever, eid) values ('3/24/2021', 35.4, null, 1);
	insert into healthDeclaration (declareDate, temp, fever, eid) values ('4/3/2021', 41.5, null, 11);
	insert into healthDeclaration (declareDate, temp, fever, eid) values ('6/19/2021', 40.6, null, 1);
	insert into healthDeclaration (declareDate, temp, fever, eid) values ('3/3/2021', 40.9, null, 24);
	insert into healthDeclaration (declareDate, temp, fever, eid) values ('9/8/2021', 34.0, null, 9);
	insert into healthDeclaration (declareDate, temp, fever, eid) values ('6/26/2021', 32.6, null, 3);
	insert into healthDeclaration (declareDate, temp, fever, eid) values ('1/7/2021', 40.5, null, 6);
	insert into healthDeclaration (declareDate, temp, fever, eid) values ('9/27/2021', 38.1, null, 19);
	insert into healthDeclaration (declareDate, temp, fever, eid) values ('12/26/2020', 36.7, null, 17);
	insert into healthDeclaration (declareDate, temp, fever, eid) values ('4/17/2021', 44.0, null, 1);
	insert into healthDeclaration (declareDate, temp, fever, eid) values ('6/3/2021', 40.7, null, 23);
	insert into healthDeclaration (declareDate, temp, fever, eid) values ('3/28/2021', 35.0, null, 3);
	insert into healthDeclaration (declareDate, temp, fever, eid) values ('6/13/2021', 41.1, null, 3);
	insert into healthDeclaration (declareDate, temp, fever, eid) values ('7/10/2021', 36.5, null, 3);
	insert into healthDeclaration (declareDate, temp, fever, eid) values ('10/2/2021', 37.6, null, 13);
	insert into healthDeclaration (declareDate, temp, fever, eid) values ('1/26/2021', 43.1, null, 6);
	insert into healthDeclaration (declareDate, temp, fever, eid) values ('11/3/2020', 42.4, null, 3);
	insert into healthDeclaration (declareDate, temp, fever, eid) values ('4/14/2021', 33.5, null, 9);
	insert into healthDeclaration (declareDate, temp, fever, eid) values ('11/28/2020', 37.5, null, 25);
	insert into healthDeclaration (declareDate, temp, fever, eid) values ('2/26/2021', 42.3, null, 11);
	insert into healthDeclaration (declareDate, temp, fever, eid) values ('11/10/2020', 35.1, null, 2);
	insert into healthDeclaration (declareDate, temp, fever, eid) values ('5/31/2021', 36.6, null, 13);
	insert into healthDeclaration (declareDate, temp, fever, eid) values ('6/4/2021', 43.9, true, 16);
	insert into healthDeclaration (declareDate, temp, fever, eid) values ('10/21/2021', 36.1, null, 3);
	insert into healthDeclaration (declareDate, temp, fever, eid) values ('9/1/2021', 43.1, null, 18);
	insert into healthDeclaration (declareDate, temp, fever, eid) values ('9/26/2021', 44.5, null, 11);
	insert into healthDeclaration (declareDate, temp, fever, eid) values ('7/15/2021', 36.9, null, 2);
	insert into healthDeclaration (declareDate, temp, fever, eid) values ('1/11/2021', 34.0, null, 12);
	insert into healthDeclaration (declareDate, temp, fever, eid) values ('12/15/2020', 34.9, null, 20);
	insert into healthDeclaration (declareDate, temp, fever, eid) values ('1/19/2021', 37.0, null, 11);
	insert into healthDeclaration (declareDate, temp, fever, eid) values ('5/7/2021', 34.6, null, 22);
	insert into healthDeclaration (declareDate, temp, fever, eid) values ('12/9/2020', 33.8, null, 1);
	insert into healthDeclaration (declareDate, temp, fever, eid) values ('12/1/2020', 35.1, null, 14);
	insert into healthDeclaration (declareDate, temp, fever, eid) values ('6/7/2021', 33.1, null, 7);
	insert into healthDeclaration (declareDate, temp, fever, eid) values ('4/6/2021', 34.8, null, 16);
	insert into healthDeclaration (declareDate, temp, fever, eid) values ('1/22/2021', 40.2, false, 12);
	insert into healthDeclaration (declareDate, temp, fever, eid) values ('2/22/2021', 34.3, null, 21);
	insert into healthDeclaration (declareDate, temp, fever, eid) values ('10/28/2021', 43.9, false, 4);
	insert into healthDeclaration (declareDate, temp, fever, eid) values ('5/1/2021', 41.2, null, 4);
	insert into healthDeclaration (declareDate, temp, fever, eid) values ('1/18/2021', 37.0, null, 12);
	insert into healthDeclaration (declareDate, temp, fever, eid) values ('11/4/2020', 45.0, false, 14);
	insert into healthDeclaration (declareDate, temp, fever, eid) values ('1/6/2021', 39.4, null, 12);
	insert into healthDeclaration (declareDate, temp, fever, eid) values ('1/13/2021', 36.8, null, 21);
	insert into healthDeclaration (declareDate, temp, fever, eid) values ('11/13/2020', 44.9, null, 13);
	insert into healthDeclaration (declareDate, temp, fever, eid) values ('6/6/2021', 41.1, null, 10);
	insert into healthDeclaration (declareDate, temp, fever, eid) values ('4/1/2021', 43.8, null, 23);
	insert into healthDeclaration (declareDate, temp, fever, eid) values ('10/15/2021', 36.2, null, 2);
	insert into healthDeclaration (declareDate, temp, fever, eid) values ('8/26/2021', 34.2, null, 6);
	insert into healthDeclaration (declareDate, temp, fever, eid) values ('10/6/2021', 37.7, null, 11);
	insert into healthDeclaration (declareDate, temp, fever, eid) values ('7/23/2021', 37.0, null, 25);
	insert into healthDeclaration (declareDate, temp, fever, eid) values ('1/30/2021', 37.8, null, 14);
	insert into healthDeclaration (declareDate, temp, fever, eid) values ('7/20/2021', 34.1, null, 25);
	insert into healthDeclaration (declareDate, temp, fever, eid) values ('11/24/2020', 38.4, null, 11);
	insert into healthDeclaration (declareDate, temp, fever, eid) values ('2/18/2021', 33.3, null, 19);
	insert into healthDeclaration (declareDate, temp, fever, eid) values ('5/13/2021', 32.4, null, 9);
	insert into healthDeclaration (declareDate, temp, fever, eid) values ('5/3/2021', 43.8, null, 12);
	insert into healthDeclaration (declareDate, temp, fever, eid) values ('10/18/2021', 33.1, null, 18);
	insert into healthDeclaration (declareDate, temp, fever, eid) values ('1/4/2021', 36.7, null, 23);
	insert into healthDeclaration (declareDate, temp, fever, eid) values ('3/10/2021', 41.4, null, 18);
	insert into healthDeclaration (declareDate, temp, fever, eid) values ('7/25/2021', 43.4, null, 18);
	insert into healthDeclaration (declareDate, temp, fever, eid) values ('3/24/2021', 40.6, null, 24);
	insert into healthDeclaration (declareDate, temp, fever, eid) values ('3/29/2021', 38.9, null, 24);
	insert into healthDeclaration (declareDate, temp, fever, eid) values ('7/26/2021', 41.4, null, 8);
	insert into healthDeclaration (declareDate, temp, fever, eid) values ('1/30/2021', 37.5, null, 2);
	insert into healthDeclaration (declareDate, temp, fever, eid) values ('2/11/2021', 34.0, null, 3);
	insert into healthDeclaration (declareDate, temp, fever, eid) values ('12/7/2020', 37.1, null, 18);
	insert into healthDeclaration (declareDate, temp, fever, eid) values ('10/5/2021', 44.8, null, 10);
	insert into healthDeclaration (declareDate, temp, fever, eid) values ('11/13/2020', 35.6, null, 23);
	insert into healthDeclaration (declareDate, temp, fever, eid) values ('8/29/2021', 37.4, null, 23);
	insert into healthDeclaration (declareDate, temp, fever, eid) values ('3/8/2021', 41.7, null, 3);
	insert into healthDeclaration (declareDate, temp, fever, eid) values ('1/12/2021', 44.1, null, 6);
	insert into healthDeclaration (declareDate, temp, fever, eid) values ('5/14/2021', 37.2, null, 23);
	insert into healthDeclaration (declareDate, temp, fever, eid) values ('1/14/2021', 38.4, true, 4);
	insert into healthDeclaration (declareDate, temp, fever, eid) values ('3/24/2021', 32.8, null, 9);
	insert into healthDeclaration (declareDate, temp, fever, eid) values ('5/23/2021', 39.5, null, 2);
	insert into healthDeclaration (declareDate, temp, fever, eid) values ('3/6/2021', 33.7, null, 5);
	insert into healthDeclaration (declareDate, temp, fever, eid) values ('3/18/2021', 42.1, null, 11);
	insert into healthDeclaration (declareDate, temp, fever, eid) values ('10/29/2021', 36.5, null, 9);
	insert into healthDeclaration (declareDate, temp, fever, eid) values ('11/5/2020', 35.7, null, 20);
	insert into healthDeclaration (declareDate, temp, fever, eid) values ('1/26/2021', 33.5, null, 14);
	insert into healthDeclaration (declareDate, temp, fever, eid) values ('8/22/2021', 38.0, null, 14);
	insert into healthDeclaration (declareDate, temp, fever, eid) values ('4/2/2021', 43.7, null, 17);
	insert into healthDeclaration (declareDate, temp, fever, eid) values ('4/25/2021', 40.8, null, 8);
	insert into healthDeclaration (declareDate, temp, fever, eid) values ('5/20/2021', 35.6, null, 19);
	insert into healthDeclaration (declareDate, temp, fever, eid) values ('8/13/2021', 42.7, null, 11);
	insert into healthDeclaration (declareDate, temp, fever, eid) values ('4/14/2021', 43.5, null, 14);
	insert into healthDeclaration (declareDate, temp, fever, eid) values ('4/8/2021', 36.8, null, 1);
	insert into healthDeclaration (declareDate, temp, fever, eid) values ('4/23/2021', 33.2, null, 22);
	insert into healthDeclaration (declareDate, temp, fever, eid) values ('1/23/2021', 42.9, null, 20);
	insert into healthDeclaration (declareDate, temp, fever, eid) values ('2/12/2021', 39.2, null, 16);
	insert into healthDeclaration (declareDate, temp, fever, eid) values ('8/23/2021', 39.9, null, 6);
	insert into healthDeclaration (declareDate, temp, fever, eid) values ('9/4/2021', 34.5, null, 11);
	insert into healthDeclaration (declareDate, temp, fever, eid) values ('1/11/2021', 41.3, false, 23);
	insert into healthDeclaration (declareDate, temp, fever, eid) values ('5/25/2021', 40.1, null, 14);
	insert into healthDeclaration (declareDate, temp, fever, eid) values ('10/26/2021', 41.5, null, 11);
	insert into healthDeclaration (declareDate, temp, fever, eid) values ('8/9/2021', 32.4, null, 19);
	insert into healthDeclaration (declareDate, temp, fever, eid) values ('6/12/2021', 33.6, null, 24);
	insert into healthDeclaration (declareDate, temp, fever, eid) values ('5/17/2021', 38.8, null, 15);
	insert into healthDeclaration (declareDate, temp, fever, eid) values ('11/8/2020', 38.9, true, 8);
	insert into healthDeclaration (declareDate, temp, fever, eid) values ('6/20/2021', 33.7, false, 3);
	insert into healthDeclaration (declareDate, temp, fever, eid) values ('4/15/2021', 44.8, true, 6);
	insert into healthDeclaration (declareDate, temp, fever, eid) values ('4/3/2021', 38.6, false, 12);
	insert into healthDeclaration (declareDate, temp, fever, eid) values ('6/14/2021', 33.7, null, 17);
	insert into healthDeclaration (declareDate, temp, fever, eid) values ('9/7/2021', 43.8, null, 14);
	insert into healthDeclaration (declareDate, temp, fever, eid) values ('3/8/2021', 41.3, null, 2);
	insert into healthDeclaration (declareDate, temp, fever, eid) values ('12/19/2020', 41.3, null, 23);
	insert into healthDeclaration (declareDate, temp, fever, eid) values ('5/19/2021', 34.3, null, 7);
	insert into healthDeclaration (declareDate, temp, fever, eid) values ('5/14/2021', 44.2, null, 20);
	insert into healthDeclaration (declareDate, temp, fever, eid) values ('6/3/2021', 39.0, null, 25);
	insert into healthDeclaration (declareDate, temp, fever, eid) values ('11/26/2020', 38.1, null, 11);
	insert into healthDeclaration (declareDate, temp, fever, eid) values ('12/7/2020', 38.8, false, 18);
	insert into healthDeclaration (declareDate, temp, fever, eid) values ('7/16/2021', 40.3, null, 12);
	insert into healthDeclaration (declareDate, temp, fever, eid) values ('12/24/2020', 42.7, null, 6);
	insert into healthDeclaration (declareDate, temp, fever, eid) values ('4/13/2021', 40.6, null, 4);
	insert into healthDeclaration (declareDate, temp, fever, eid) values ('10/6/2021', 41.7, null, 21);
	insert into healthDeclaration (declareDate, temp, fever, eid) values ('3/3/2021', 37.5, null, 23);
	insert into healthDeclaration (declareDate, temp, fever, eid) values ('6/15/2021', 40.8, null, 16);
	insert into healthDeclaration (declareDate, temp, fever, eid) values ('9/21/2021', 39.7, null, 22);
	insert into healthDeclaration (declareDate, temp, fever, eid) values ('6/25/2021', 34.0, null, 23);
	insert into healthDeclaration (declareDate, temp, fever, eid) values ('12/11/2020', 43.5, null, 10);
	insert into healthDeclaration (declareDate, temp, fever, eid) values ('11/20/2020', 42.6, true, 7);
	insert into healthDeclaration (declareDate, temp, fever, eid) values ('3/20/2021', 40.3, null, 14);
	insert into healthDeclaration (declareDate, temp, fever, eid) values ('5/18/2021', 35.6, null, 22);
	insert into healthDeclaration (declareDate, temp, fever, eid) values ('6/18/2021', 37.7, false, 13);
	insert into healthDeclaration (declareDate, temp, fever, eid) values ('2/7/2021', 35.7, null, 2);
	insert into healthDeclaration (declareDate, temp, fever, eid) values ('9/27/2021', 38.6, null, 3);
	insert into healthDeclaration (declareDate, temp, fever, eid) values ('9/21/2021', 39.4, null, 9);
	insert into healthDeclaration (declareDate, temp, fever, eid) values ('4/5/2021', 43.4, null, 16);
	insert into healthDeclaration (declareDate, temp, fever, eid) values ('7/3/2021', 44.8, null, 12);
	insert into healthDeclaration (declareDate, temp, fever, eid) values ('7/20/2021', 37.8, null, 24);
	insert into healthDeclaration (declareDate, temp, fever, eid) values ('6/16/2021', 38.8, null, 1);
	insert into healthDeclaration (declareDate, temp, fever, eid) values ('8/26/2021', 40.6, null, 16);
	insert into healthDeclaration (declareDate, temp, fever, eid) values ('7/7/2021', 41.5, null, 21);
	insert into healthDeclaration (declareDate, temp, fever, eid) values ('1/28/2021', 35.7, true, 18);
	insert into healthDeclaration (declareDate, temp, fever, eid) values ('12/19/2020', 40.0, null, 23);
	insert into healthDeclaration (declareDate, temp, fever, eid) values ('8/20/2021', 38.2, false, 5);
	insert into healthDeclaration (declareDate, temp, fever, eid) values ('1/2/2021', 33.5, null, 7);
	insert into healthDeclaration (declareDate, temp, fever, eid) values ('3/18/2021', 36.3, null, 10);
	insert into healthDeclaration (declareDate, temp, fever, eid) values ('2/22/2021', 43.2, null, 18);
	insert into healthDeclaration (declareDate, temp, fever, eid) values ('5/26/2021', 38.7, null, 24);
	insert into healthDeclaration (declareDate, temp, fever, eid) values ('12/30/2020', 40.3, null, 17);
	insert into healthDeclaration (declareDate, temp, fever, eid) values ('3/5/2021', 36.5, null, 22);
	insert into healthDeclaration (declareDate, temp, fever, eid) values ('3/13/2021', 37.9, null, 6);
	insert into healthDeclaration (declareDate, temp, fever, eid) values ('6/26/2021', 41.7, null, 25);
	insert into healthDeclaration (declareDate, temp, fever, eid) values ('5/21/2021', 41.0, null, 3);
	insert into healthDeclaration (declareDate, temp, fever, eid) values ('8/31/2021', 39.7, null, 18);
	insert into healthDeclaration (declareDate, temp, fever, eid) values ('1/18/2021', 39.9, null, 8);
	insert into healthDeclaration (declareDate, temp, fever, eid) values ('6/15/2021', 41.0, null, 8);
	insert into healthDeclaration (declareDate, temp, fever, eid) values ('1/4/2021', 36.5, null, 14);
	insert into healthDeclaration (declareDate, temp, fever, eid) values ('12/13/2020', 32.5, null, 7);
	insert into healthDeclaration (declareDate, temp, fever, eid) values ('9/26/2021', 37.3, null, 6);
	insert into healthDeclaration (declareDate, temp, fever, eid) values ('1/11/2021', 39.9, null, 18);
	insert into healthDeclaration (declareDate, temp, fever, eid) values ('6/18/2021', 43.5, false, 2);
	insert into healthDeclaration (declareDate, temp, fever, eid) values ('9/15/2021', 38.8, null, 4);
	insert into healthDeclaration (declareDate, temp, fever, eid) values ('1/1/2021', 34.1, false, 19);
	insert into healthDeclaration (declareDate, temp, fever, eid) values ('1/25/2021', 32.9, null, 19);
	insert into healthDeclaration (declareDate, temp, fever, eid) values ('10/13/2021', 41.8, null, 21);
	insert into healthDeclaration (declareDate, temp, fever, eid) values ('10/12/2021', 32.6, null, 8);
	insert into healthDeclaration (declareDate, temp, fever, eid) values ('6/28/2021', 43.1, null, 2);
	insert into healthDeclaration (declareDate, temp, fever, eid) values ('1/26/2021', 38.1, null, 7);
	insert into healthDeclaration (declareDate, temp, fever, eid) values ('11/18/2020', 36.6, null, 16);
	insert into healthDeclaration (declareDate, temp, fever, eid) values ('7/16/2021', 34.4, null, 21);
	insert into healthDeclaration (declareDate, temp, fever, eid) values ('8/10/2021', 39.7, null, 10);
	insert into healthDeclaration (declareDate, temp, fever, eid) values ('9/20/2021', 44.6, true, 7);
	insert into healthDeclaration (declareDate, temp, fever, eid) values ('7/16/2021', 43.4, null, 22);
	insert into healthDeclaration (declareDate, temp, fever, eid) values ('11/22/2020', 35.5, null, 10);
	insert into healthDeclaration (declareDate, temp, fever, eid) values ('5/18/2021', 41.7, null, 22);
	insert into healthDeclaration (declareDate, temp, fever, eid) values ('9/10/2021', 39.3, null, 13);
	insert into healthDeclaration (declareDate, temp, fever, eid) values ('6/28/2021', 40.5, null, 15);
	insert into healthDeclaration (declareDate, temp, fever, eid) values ('12/9/2020', 44.2, null, 20);
	insert into healthDeclaration (declareDate, temp, fever, eid) values ('2/23/2021', 43.6, null, 19);
	insert into healthDeclaration (declareDate, temp, fever, eid) values ('8/1/2021', 40.0, null, 21);
END;
$$ LANGUAGE sql;

CREATE OR REPLACE PROCEDURE ini_sessions() AS $$
BEGIN
	insert into Sessions (session_date, session_time, session_floor, session_room, participant_id, booker_id, is_approved, approver_id) values ('10/7/2021', 19, null, 73, 121, 347, true, 361);
	insert into Sessions (session_date, session_time, session_floor, session_room, participant_id, booker_id, is_approved, approver_id) values ('9/20/2021', 17, 26, 20, 279, 36, null, null);
	insert into Sessions (session_date, session_time, session_floor, session_room, participant_id, booker_id, is_approved, approver_id) values ('6/5/2021', 3, null, 82, 278, 86, null, null);
	insert into Sessions (session_date, session_time, session_floor, session_room, participant_id, booker_id, is_approved, approver_id) values ('12/26/2020', 14, null, 58, 53, 96, null, null);
	insert into Sessions (session_date, session_time, session_floor, session_room, participant_id, booker_id, is_approved, approver_id) values ('1/14/2021', 11, null, 96, 150, 87, true, 59);
	insert into Sessions (session_date, session_time, session_floor, session_room, participant_id, booker_id, is_approved, approver_id) values ('11/23/2020', 9, null, 6, 144, 351, null, null);
	insert into Sessions (session_date, session_time, session_floor, session_room, participant_id, booker_id, is_approved, approver_id) values ('3/7/2021', 4, 48, 53, 337, 374, true, 295);
	insert into Sessions (session_date, session_time, session_floor, session_room, participant_id, booker_id, is_approved, approver_id) values ('4/11/2021', 13, null, 43, 22, 269, true, 134);
	insert into Sessions (session_date, session_time, session_floor, session_room, participant_id, booker_id, is_approved, approver_id) values ('8/30/2021', 4, null, 55, 252, 369, true, 92);
	insert into Sessions (session_date, session_time, session_floor, session_room, participant_id, booker_id, is_approved, approver_id) values ('11/17/2020', 18, null, 59, 117, 103, null, null);
	insert into Sessions (session_date, session_time, session_floor, session_room, participant_id, booker_id, is_approved, approver_id) values ('10/8/2021', 23, null, 20, 31, 41, false, 98);
	insert into Sessions (session_date, session_time, session_floor, session_room, participant_id, booker_id, is_approved, approver_id) values ('5/26/2021', 2, null, 54, 256, 12, null, null);
	insert into Sessions (session_date, session_time, session_floor, session_room, participant_id, booker_id, is_approved, approver_id) values ('4/25/2021', 14, null, 29, 255, 16, null, null);
	insert into Sessions (session_date, session_time, session_floor, session_room, participant_id, booker_id, is_approved, approver_id) values ('11/6/2020', 2, null, 36, 47, 205, false, 380);
	insert into Sessions (session_date, session_time, session_floor, session_room, participant_id, booker_id, is_approved, approver_id) values ('8/10/2021', 9, null, 75, 163, 256, null, null);
	insert into Sessions (session_date, session_time, session_floor, session_room, participant_id, booker_id, is_approved, approver_id) values ('3/9/2021', 1, null, 46, 35, 68, null, null);
	insert into Sessions (session_date, session_time, session_floor, session_room, participant_id, booker_id, is_approved, approver_id) values ('11/8/2020', 14, null, 21, 393, 53, true, 284);
	insert into Sessions (session_date, session_time, session_floor, session_room, participant_id, booker_id, is_approved, approver_id) values ('5/29/2021', 3, null, 51, 275, 29, true, 78);
	insert into Sessions (session_date, session_time, session_floor, session_room, participant_id, booker_id, is_approved, approver_id) values ('6/6/2021', 16, 67, 20, 17, 15, null, null);
	insert into Sessions (session_date, session_time, session_floor, session_room, participant_id, booker_id, is_approved, approver_id) values ('8/31/2021', 10, null, 54, 61, 366, null, null);
	insert into Sessions (session_date, session_time, session_floor, session_room, participant_id, booker_id, is_approved, approver_id) values ('6/27/2021', 17, null, 87, 155, 322, null, null);
	insert into Sessions (session_date, session_time, session_floor, session_room, participant_id, booker_id, is_approved, approver_id) values ('1/8/2021', 12, null, 41, 329, 235, null, null);
	insert into Sessions (session_date, session_time, session_floor, session_room, participant_id, booker_id, is_approved, approver_id) values ('5/26/2021', 19, 75, 37, 354, 107, null, null);
	insert into Sessions (session_date, session_time, session_floor, session_room, participant_id, booker_id, is_approved, approver_id) values ('9/30/2021', 1, 49, 61, 162, 7, null, null);
	insert into Sessions (session_date, session_time, session_floor, session_room, participant_id, booker_id, is_approved, approver_id) values ('10/17/2021', 8, null, 57, 385, 302, null, null);
	insert into Sessions (session_date, session_time, session_floor, session_room, participant_id, booker_id, is_approved, approver_id) values ('6/27/2021', 6, null, 90, 4, 373, null, null);
	insert into Sessions (session_date, session_time, session_floor, session_room, participant_id, booker_id, is_approved, approver_id) values ('2/20/2021', 20, null, 72, 160, 73, null, null);
	insert into Sessions (session_date, session_time, session_floor, session_room, participant_id, booker_id, is_approved, approver_id) values ('7/14/2021', 15, null, 34, 136, 336, null, null);
	insert into Sessions (session_date, session_time, session_floor, session_room, participant_id, booker_id, is_approved, approver_id) values ('9/17/2021', 6, null, 95, 172, 141, null, null);
	insert into Sessions (session_date, session_time, session_floor, session_room, participant_id, booker_id, is_approved, approver_id) values ('10/22/2021', 17, null, 30, 174, 92, null, null);
	insert into Sessions (session_date, session_time, session_floor, session_room, participant_id, booker_id, is_approved, approver_id) values ('9/11/2021', 20, 70, 82, 71, 64, true, 139);
	insert into Sessions (session_date, session_time, session_floor, session_room, participant_id, booker_id, is_approved, approver_id) values ('6/16/2021', 7, null, 44, 374, 243, null, null);
	insert into Sessions (session_date, session_time, session_floor, session_room, participant_id, booker_id, is_approved, approver_id) values ('4/26/2021', 22, null, 32, 125, 38, null, null);
	insert into Sessions (session_date, session_time, session_floor, session_room, participant_id, booker_id, is_approved, approver_id) values ('3/5/2021', 0, 4, 12, 266, 378, null, null);
	insert into Sessions (session_date, session_time, session_floor, session_room, participant_id, booker_id, is_approved, approver_id) values ('4/26/2021', 16, null, 95, 196, 26, false, 276);
	insert into Sessions (session_date, session_time, session_floor, session_room, participant_id, booker_id, is_approved, approver_id) values ('10/8/2021', 7, null, 94, 252, 211, false, 137);
	insert into Sessions (session_date, session_time, session_floor, session_room, participant_id, booker_id, is_approved, approver_id) values ('9/2/2021', 18, 46, 95, 81, 341, null, null);
	insert into Sessions (session_date, session_time, session_floor, session_room, participant_id, booker_id, is_approved, approver_id) values ('6/26/2021', 11, null, 52, 148, 286, null, null);
	insert into Sessions (session_date, session_time, session_floor, session_room, participant_id, booker_id, is_approved, approver_id) values ('1/2/2021', 1, 69, 19, 285, 365, true, 179);
	insert into Sessions (session_date, session_time, session_floor, session_room, participant_id, booker_id, is_approved, approver_id) values ('12/1/2020', 0, 67, 25, 87, 105, null, null);
	insert into Sessions (session_date, session_time, session_floor, session_room, participant_id, booker_id, is_approved, approver_id) values ('4/18/2021', 23, null, 65, 320, 375, false, 55);
	insert into Sessions (session_date, session_time, session_floor, session_room, participant_id, booker_id, is_approved, approver_id) values ('10/16/2021', 13, null, 80, 325, 138, null, null);
	insert into Sessions (session_date, session_time, session_floor, session_room, participant_id, booker_id, is_approved, approver_id) values ('12/14/2020', 3, null, 31, 18, 209, null, null);
	insert into Sessions (session_date, session_time, session_floor, session_room, participant_id, booker_id, is_approved, approver_id) values ('7/26/2021', 1, null, 6, 38, 383, true, 296);
	insert into Sessions (session_date, session_time, session_floor, session_room, participant_id, booker_id, is_approved, approver_id) values ('9/29/2021', 19, null, 84, 95, 22, true, 92);
	insert into Sessions (session_date, session_time, session_floor, session_room, participant_id, booker_id, is_approved, approver_id) values ('3/28/2021', 17, null, 77, 224, 223, true, 59);
	insert into Sessions (session_date, session_time, session_floor, session_room, participant_id, booker_id, is_approved, approver_id) values ('6/23/2021', 4, null, 35, 358, 285, null, null);
	insert into Sessions (session_date, session_time, session_floor, session_room, participant_id, booker_id, is_approved, approver_id) values ('3/8/2021', 20, null, 14, 239, 122, null, null);
	insert into Sessions (session_date, session_time, session_floor, session_room, participant_id, booker_id, is_approved, approver_id) values ('3/12/2021', 18, null, 14, 38, 221, null, null);
	insert into Sessions (session_date, session_time, session_floor, session_room, participant_id, booker_id, is_approved, approver_id) values ('10/19/2021', 21, null, 1, 133, 206, null, null);
END;
$$ LANGUAGE sql;